rows,dim,dtype,format,warps,trial,had_ms,fused_ms
32,64,1,0,1,0,0.00210261,0.00221184
32,64,1,0,2,0,0.00208213,0.00221184
32,64,1,0,4,0,0.00206165,0.00223232
32,64,1,0,8,0,0.00206165,0.00231424
32,64,1,0,16,0,0.00204779,0.00232107
32,64,1,0,16,1,0.00206848,0.00231424
32,64,1,0,8,1,0.00204117,0.00232107
32,64,1,0,4,1,0.00206848,0.00221867
32,64,1,0,2,1,0.00206165,0.00221184
32,64,1,0,1,1,0.00208896,0.00221867
32,64,1,0,1,2,0.00217771,0.00221184
32,64,1,0,2,2,0.00205483,0.00221184
32,64,1,0,4,2,0.00206165,0.00222549
32,64,1,0,8,2,0.00193835,0.00231424
32,64,1,0,16,2,0.00196629,0.00232107
32,64,1,1,1,0,0.00202752,0.00547499
32,64,1,1,2,0,0.00197973,0.0054272
32,64,1,1,4,0,0.00193877,0.00535211
32,64,1,1,8,0,0.00191829,0.00554325
32,64,1,1,16,0,0.00195925,0.00564565
32,64,1,1,16,1,0.00198656,0.00564565
32,64,1,1,8,1,0.00196608,0.00555008
32,64,1,1,4,1,0.00191765,0.00538624
32,64,1,1,2,1,0.00197291,0.00537259
32,64,1,1,1,1,0.00197291,0.00539989
32,64,1,1,1,2,0.00200704,0.00545472
32,64,1,1,2,2,0.00192512,0.00537941
32,64,1,1,4,2,0.00190464,0.00534528
32,64,1,1,8,2,0.00197291,0.00554368
32,64,1,1,16,2,0.00195925,0.00564544
32,64,2,0,1,0,0.00197291,0.00221867
32,64,2,0,2,0,0.00197973,0.00221099
32,64,2,0,4,0,0.00195925,0.00222549
32,64,2,0,8,0,0.00198656,0.00232789
32,64,2,0,16,0,0.00197227,0.00232789
32,64,2,0,16,1,0.00197973,0.00232107
32,64,2,0,8,1,0.00199339,0.00232789
32,64,2,0,4,1,0.00196608,0.00222592
32,64,2,0,2,1,0.00197973,0.00221867
32,64,2,0,1,1,0.00196608,0.00221867
32,64,2,0,1,2,0.00195243,0.00221867
32,64,2,0,2,2,0.00197931,0.00221184
32,64,2,0,4,2,0.00192512,0.00221867
32,64,2,0,8,2,0.00198677,0.00232107
32,64,2,0,16,2,0.00197973,0.00233429
32,64,2,1,1,0,0.00197291,0.00541355
32,64,2,1,2,0,0.00195925,0.00535211
32,64,2,1,4,0,0.00195243,0.00546133
32,64,2,1,8,0,0.00197973,0.00556373
32,64,2,1,16,0,0.00200683,0.00565248
32,64,2,1,16,1,0.00195243,0.005632
32,64,2,1,8,1,0.00197973,0.00555008
32,64,2,1,4,1,0.00198656,0.00536576
32,64,2,1,2,1,0.00198656,0.00537941
32,64,2,1,1,1,0.00198656,0.00543403
32,64,2,1,1,2,0.00195925,0.00543403
32,64,2,1,2,2,0.00189717,0.00535893
32,64,2,1,4,2,0.00197291,0.00544085
32,64,2,1,8,2,0.00198656,0.00555691
32,64,2,1,16,2,0.00200021,0.00564565
32,128,1,0,1,0,0.00199339,0.00221184
32,128,1,0,2,0,0.002048,0.00222549
32,128,1,0,4,0,0.00197291,0.00223915
32,128,1,0,8,0,0.00197973,0.0023552
32,128,1,0,16,0,0.00202069,0.0026624
32,128,1,0,16,1,0.00202069,0.0026624
32,128,1,0,8,1,0.00198656,0.0023552
32,128,1,0,4,1,0.00199339,0.00223915
32,128,1,0,2,1,0.00197973,0.00223232
32,128,1,0,1,1,0.00199339,0.00222549
32,128,1,0,1,2,0.00198656,0.00221867
32,128,1,0,2,2,0.0019456,0.00223232
32,128,1,0,4,2,0.00199339,0.00224533
32,128,1,0,8,2,0.00197973,0.0023552
32,128,1,0,16,2,0.00201387,0.0026624
32,128,1,1,1,0,0.00197291,0.0054272
32,128,1,1,2,0,0.002,0.00536576
32,128,1,1,4,0,0.00195264,0.00535893
32,128,1,1,8,0,0.00195925,0.00567296
32,128,1,1,16,0,0.00202069,0.00632149
32,128,1,1,16,1,0.00202069,0.00633515
32,128,1,1,8,1,0.00197291,0.00572757
32,128,1,1,4,1,0.00197291,0.00547499
32,128,1,1,2,1,0.00199957,0.00533845
32,128,1,1,1,1,0.00195925,0.00538624
32,128,1,1,1,2,0.00195243,0.00538624
32,128,1,1,2,2,0.00199296,0.00537259
32,128,1,1,4,2,0.00197973,0.00536576
32,128,1,1,8,2,0.00191829,0.00566613
32,128,1,1,16,2,0.00201387,0.00632149
32,128,2,0,1,0,0.00197973,0.00223232
32,128,2,0,2,0,0.00197973,0.00223915
32,128,2,0,4,0,0.00193856,0.00223915
32,128,2,0,8,0,0.00197312,0.00236885
32,128,2,0,16,0,0.00202069,0.0026624
32,128,2,0,16,1,0.00201387,0.00266923
32,128,2,0,8,1,0.00198613,0.00236885
32,128,2,0,4,1,0.00199339,0.0022528
32,128,2,0,2,1,0.00197973,0.00224597
32,128,2,0,1,1,0.00200021,0.00223915
32,128,2,0,1,2,0.00199339,0.00223915
32,128,2,0,2,2,0.00200021,0.00223232
32,128,2,0,4,2,0.00198656,0.00224597
32,128,2,0,8,2,0.00198656,0.00236885
32,128,2,0,16,2,0.00202069,0.0026624
32,128,2,1,1,0,0.00197291,0.00533845
32,128,2,1,2,0,0.00196608,0.00535893
32,128,2,1,4,0,0.00196608,0.00539307
32,128,2,1,8,0,0.00197291,0.00570709
32,128,2,1,16,0,0.00202688,0.0063488
32,128,2,1,16,1,0.00202069,0.0063488
32,128,2,1,8,1,0.00199339,0.00567979
32,128,2,1,4,1,0.00195925,0.00538624
32,128,2,1,2,1,0.00193877,0.00535211
32,128,2,1,1,1,0.00197291,0.00544085
32,128,2,1,1,2,0.00199979,0.00539925
32,128,2,1,2,2,0.00198037,0.00537941
32,128,2,1,4,2,0.00196608,0.0054272
32,128,2,1,8,2,0.00205483,0.0056864
32,128,2,1,16,2,0.00201323,0.00634197
32,256,1,0,1,0,0.00199339,0.00224597
32,256,1,0,2,0,0.00198635,0.00223915
32,256,1,0,4,0,0.00197973,0.00228011
32,256,1,0,8,0,0.00197291,0.00241664
32,256,1,0,16,0,0.00202752,0.00268288
32,256,1,0,16,1,0.00203435,0.00268971
32,256,1,0,8,1,0.00196608,0.00240981
32,256,1,0,4,1,0.00200021,0.00228693
32,256,1,0,2,1,0.00197973,0.00223915
32,256,1,0,1,1,0.00200021,0.00224597
32,256,1,0,1,2,0.00199339,0.00224576
32,256,1,0,2,2,0.00199339,0.00224597
32,256,1,0,4,2,0.00199339,0.00228011
32,256,1,0,8,2,0.00197973,0.00240981
32,256,1,0,16,2,0.00201387,0.00267605
32,256,1,1,1,0,0.00197973,0.00542741
32,256,1,1,2,0,0.00199339,0.00537941
32,256,1,1,4,0,0.00195925,0.00539307
32,256,1,1,8,0,0.00196608,0.00567979
32,256,1,1,16,0,0.00202752,0.0063488
32,256,1,1,16,1,0.00203392,0.00633515
32,256,1,1,8,1,0.00196608,0.0056864
32,256,1,1,4,1,0.00196608,0.00544768
32,256,1,1,2,1,0.00200704,0.00537941
32,256,1,1,1,1,0.00198656,0.00537941
32,256,1,1,1,2,0.00191829,0.00540672
32,256,1,1,2,2,0.00199339,0.00534528
32,256,1,1,4,2,0.00197973,0.00540672
32,256,1,1,8,2,0.00197291,0.00567979
32,256,1,1,16,2,0.00202069,0.00633515
32,256,2,0,1,0,0.00193131,0.00227328
32,256,2,0,2,0,0.00193195,0.0022528
32,256,2,0,4,0,0.00200021,0.00229376
32,256,2,0,8,0,0.00192512,0.00240981
32,256,2,0,16,0,0.00202752,0.00271019
32,256,2,0,16,1,0.00203435,0.00271019
32,256,2,0,8,1,0.00198677,0.0024032
32,256,2,0,4,1,0.00197291,0.00230059
32,256,2,0,2,1,0.00199339,0.0022528
32,256,2,0,1,1,0.00200704,0.00227328
32,256,2,0,1,2,0.00197973,0.00226645
32,256,2,0,2,2,0.00199339,0.00224597
32,256,2,0,4,2,0.00197291,0.00228693
32,256,2,0,8,2,0.00198656,0.00240981
32,256,2,0,16,2,0.00202069,0.00271083
32,256,2,1,1,0,0.00196608,0.00542037
32,256,2,1,2,0,0.00195243,0.00539349
32,256,2,1,4,0,0.00200704,0.00548181
32,256,2,1,8,0,0.00195947,0.00567979
32,256,2,1,16,0,0.00202752,0.00636245
32,256,2,1,16,1,0.00202069,0.00635563
32,256,2,1,8,1,0.00197973,0.00568661
32,256,2,1,4,1,0.00199339,0.0054272
32,256,2,1,2,1,0.00191829,0.00542037
32,256,2,1,1,1,0.00196608,0.0054272
32,256,2,1,1,2,0.00197291,0.00540693
32,256,2,1,2,2,0.00197248,0.00535893
32,256,2,1,4,2,0.00200704,0.00545451
32,256,2,1,8,2,0.00192512,0.00567979
32,256,2,1,16,2,0.00196608,0.00602795
32,512,1,0,1,0,0.00197291,0.00285355
32,512,1,0,2,0,0.00197973,0.00283307
32,512,1,0,4,0,0.00200021,0.00290133
32,512,1,0,8,0,0.00206101,0.0031744
32,512,1,0,16,0,0.00247125,0.00376149
32,512,1,0,16,1,0.00247808,0.00376832
32,512,1,0,8,1,0.00205483,0.00318763
32,512,1,0,4,1,0.00200064,0.00290133
32,512,1,0,2,1,0.00199275,0.00283328
32,512,1,0,1,1,0.00200704,0.00285355
32,512,1,0,1,2,0.00197291,0.00285355
32,512,1,0,2,2,0.00200704,0.00283989
32,512,1,0,4,2,0.00200021,0.00290133
32,512,1,0,8,2,0.00206165,0.00318123
32,512,1,0,16,2,0.00247808,0.00375467
32,512,1,1,1,0,0.00197931,0.00617813
32,512,1,1,2,0,0.00197973,0.00619861
32,512,1,1,4,0,0.00199339,0.00630784
32,512,1,1,8,0,0.00206848,0.00690155
32,512,1,1,16,0,0.00247808,0.00812373
32,512,1,1,16,1,0.00247808,0.00811691
32,512,1,1,8,1,0.00206165,0.00691541
32,512,1,1,4,1,0.00200704,0.00630101
32,512,1,1,2,1,0.00197973,0.00619861
32,512,1,1,1,1,0.00199381,0.00617813
32,512,1,1,1,2,0.00200021,0.00616448
32,512,1,1,2,2,0.00200704,0.00619179
32,512,1,1,4,2,0.00199339,0.00629419
32,512,1,1,8,2,0.00208896,0.00690859
32,512,1,1,16,2,0.00247808,0.00812373
32,512,2,0,1,0,0.00201387,0.00288085
32,512,2,0,2,0,0.00197973,0.00288085
32,512,2,0,4,0,0.00197973,0.00292779
32,512,2,0,8,0,0.00206848,0.00322219
32,512,2,0,16,0,0.00247125,0.00384277
32,512,2,0,16,1,0.00250539,0.00383659
32,512,2,0,8,1,0.00205483,0.00322901
32,512,2,0,4,1,0.00193877,0.00292864
32,512,2,0,2,1,0.00198656,0.00288064
32,512,2,0,1,1,0.00198656,0.00287403
32,512,2,0,1,2,0.00202069,0.00288085
32,512,2,0,2,2,0.00200021,0.00287403
32,512,2,0,4,2,0.00192512,0.00292864
32,512,2,0,8,2,0.00206827,0.00322219
32,512,2,0,16,2,0.00248427,0.00384341
32,512,2,1,1,0,0.00197973,0.00627307
32,512,2,1,2,0,0.00196608,0.00626005
32,512,2,1,4,0,0.00200021,0.00636181
32,512,2,1,8,0,0.00206101,0.00701099
32,512,2,1,16,0,0.00247808,0.00823979
32,512,2,1,16,1,0.00246443,0.00825344
32,512,2,1,8,1,0.00206165,0.00696939
32,512,2,1,4,1,0.00193195,0.00636971
32,512,2,1,2,1,0.00196523,0.00625323
32,512,2,1,1,1,0.00193877,0.00625323
32,512,2,1,1,2,0.00192512,0.00627307
32,512,2,1,2,2,0.00199339,0.00626005
32,512,2,1,4,2,0.00197291,0.0063488
32,512,2,1,8,2,0.00206848,0.00697003
32,512,2,1,16,2,0.00246443,0.00824661
32,1024,1,0,1,0,0.00231424,0.00447829
32,1024,1,0,2,0,0.00230741,0.00446464
32,1024,1,0,4,0,0.00234837,0.00449195
32,1024,1,0,8,0,0.00286037,0.00496363
32,1024,1,0,16,0,0.00378197,0.00610987
32,1024,1,0,16,1,0.00377515,0.00610944
32,1024,1,0,8,1,0.0028608,0.00497664
32,1024,1,0,4,1,0.00236203,0.00449195
32,1024,1,0,2,1,0.00230741,0.00447147
32,1024,1,0,1,1,0.00230741,0.00448512
32,1024,1,0,1,2,0.00230059,0.00447829
32,1024,1,0,2,2,0.00230741,0.00447829
32,1024,1,0,4,2,0.0023552,0.00448512
32,1024,1,0,8,2,0.00285419,0.00497664
32,1024,1,0,16,2,0.00378197,0.00611669
32,1024,1,1,1,0,0.00230741,0.00924309
32,1024,1,1,2,0,0.00230059,0.00922965
32,1024,1,1,4,0,0.00236181,0.00924331
32,1024,1,1,8,0,0.00286037,0.0103765
32,1024,1,1,16,0,0.00377515,0.0124314
32,1024,1,1,16,1,0.00378816,0.0124109
32,1024,1,1,8,1,0.00284672,0.0103287
32,1024,1,1,4,1,0.0023552,0.00925013
32,1024,1,1,2,1,0.00230059,0.00922965
32,1024,1,1,1,1,0.00231403,0.00925696
32,1024,1,1,1,2,0.00230741,0.00923648
32,1024,1,1,2,2,0.00229376,0.00922965
32,1024,1,1,4,2,0.0023552,0.00925696
32,1024,1,1,8,2,0.00285355,0.0103561
32,1024,1,1,16,2,0.00377515,0.0124245
32,1024,2,0,1,0,0.00230741,0.00459413
32,1024,2,0,2,0,0.00230741,0.00448512
32,1024,2,0,4,0,0.0023552,0.00455339
32,1024,2,0,8,0,0.00285355,0.00508587
32,1024,2,0,16,0,0.00378197,0.00620544
32,1024,2,0,16,1,0.00377515,0.00621227
32,1024,2,0,8,1,0.00285952,0.00509269
32,1024,2,0,4,1,0.00234837,0.00453973
32,1024,2,0,2,1,0.00230059,0.00448512
32,1024,2,0,1,1,0.00230059,0.00458752
32,1024,2,0,1,2,0.00230059,0.00458069
32,1024,2,0,2,2,0.00228693,0.00448512
32,1024,2,0,4,2,0.0023552,0.00455339
32,1024,2,0,8,2,0.00286763,0.00507904
32,1024,2,0,16,2,0.00377515,0.00621227
32,1024,2,1,1,0,0.00231424,0.00928427
32,1024,2,1,2,0,0.00230059,0.00935936
32,1024,2,1,4,0,0.0023552,0.00940715
32,1024,2,1,8,0,0.00288043,0.0103834
32,1024,2,1,16,0,0.00378197,0.0127795
32,1024,2,1,16,1,0.00378176,0.0127863
32,1024,2,1,8,1,0.00284672,0.0103765
32,1024,2,1,4,1,0.0023552,0.00942763
32,1024,2,1,2,1,0.00229376,0.00933205
32,1024,2,1,1,1,0.00231424,0.00933888
32,1024,2,1,1,2,0.00230741,0.00929109
32,1024,2,1,2,2,0.0023008,0.00936619
32,1024,2,1,4,2,0.00236203,0.00939349
32,1024,2,1,8,2,0.00286037,0.0104171
32,1024,2,1,16,2,0.00378197,0.0127795
8192,64,1,0,1,0,0.00253269,0.00324181
8192,64,1,0,2,0,0.00242347,0.00283989
8192,64,1,0,4,0,0.00228693,0.0027648
8192,64,1,0,8,0,0.00225963,0.0028672
8192,64,1,0,16,0,0.00232107,0.00322219
8192,64,1,0,16,1,0.00232107,0.00321579
8192,64,1,0,8,1,0.00225963,0.0028672
8192,64,1,0,4,1,0.00228693,0.00275797
8192,64,1,0,2,1,0.00242347,0.00284672
8192,64,1,0,1,1,0.00253269,0.00323584
8192,64,1,0,1,2,0.00253269,0.00323584
8192,64,1,0,2,2,0.00241664,0.00284672
8192,64,1,0,4,2,0.00228693,0.00277163
8192,64,1,0,8,2,0.00226645,0.00287403
8192,64,1,0,16,2,0.00232107,0.0032288
8192,64,1,1,1,0,0.00252587,0.00742059
8192,64,1,1,2,0,0.00240981,0.00671744
8192,64,1,1,4,0,0.00227328,0.00645077
8192,64,1,1,8,0,0.00226645,0.00669696
8192,64,1,1,16,0,0.00232107,0.00772096
8192,64,1,1,16,1,0.00232789,0.00776875
8192,64,1,1,8,1,0.00225963,0.00669675
8192,64,1,1,4,1,0.00228011,0.0064512
8192,64,1,1,2,1,0.00242304,0.00670379
8192,64,1,1,1,1,0.00253269,0.00740011
8192,64,1,1,1,2,0.00251904,0.00742059
8192,64,1,1,2,2,0.00242261,0.00671744
8192,64,1,1,4,2,0.00228693,0.00646485
8192,64,1,1,8,2,0.00227307,0.00671061
8192,64,1,1,16,2,0.00232107,0.00776192
8192,64,2,0,1,0,0.00253952,0.00324267
8192,64,2,0,2,0,0.00242347,0.00283307
8192,64,2,0,4,0,0.00228651,0.0027648
8192,64,2,0,8,0,0.00226645,0.00288085
8192,64,2,0,16,0,0.00232683,0.00320896
8192,64,2,0,16,1,0.00232107,0.00320875
8192,64,2,0,8,1,0.00225963,0.00288085
8192,64,2,0,4,1,0.00227328,0.00277163
8192,64,2,0,2,1,0.00242347,0.00283307
8192,64,2,0,1,1,0.00252544,0.00323584
8192,64,2,0,1,2,0.00253269,0.00324267
8192,64,2,0,2,2,0.00240981,0.00283989
8192,64,2,0,4,2,0.00228693,0.00277781
8192,64,2,0,8,2,0.00227328,0.00288085
8192,64,2,0,16,2,0.00232107,0.00320853
8192,64,2,1,1,0,0.00256,0.00744789
8192,64,2,1,2,0,0.00243029,0.00675157
8192,64,2,1,4,0,0.00227328,0.00649899
8192,64,2,1,8,0,0.00226645,0.00671744
8192,64,2,1,16,0,0.00232789,0.00773419
8192,64,2,1,16,1,0.00232789,0.00772096
8192,64,2,1,8,1,0.00224597,0.00670443
8192,64,2,1,4,1,0.00228032,0.00649899
8192,64,2,1,2,1,0.00242347,0.00671744
8192,64,2,1,1,1,0.00252587,0.00748203
8192,64,2,1,1,2,0.00253269,0.0074752
8192,64,2,1,2,2,0.00240981,0.00674475
8192,64,2,1,4,2,0.00228011,0.00647851
8192,64,2,1,8,2,0.00227328,0.00671061
8192,64,2,1,16,2,0.00232789,0.00776192
8192,128,1,0,1,0,0.00357035,0.00425301
8192,128,1,0,2,0,0.00316757,0.00380928
8192,128,1,0,4,0,0.00312661,0.00374101
8192,128,1,0,8,0,0.00314709,0.00380928
8192,128,1,0,16,0,0.00336555,0.00411648
8192,128,1,0,16,1,0.00337237,0.00411648
8192,128,1,0,8,1,0.00315392,0.00380928
8192,128,1,0,4,1,0.00312661,0.00374805
8192,128,1,0,2,1,0.00318805,0.00381611
8192,128,1,0,1,1,0.00355669,0.00425984
8192,128,1,0,1,2,0.00356352,0.00425941
8192,128,1,0,2,2,0.0031808,0.00380928
8192,128,1,0,4,2,0.00312661,0.00374784
8192,128,1,0,8,2,0.00315392,0.00380245
8192,128,1,0,16,2,0.00337237,0.00411605
8192,128,1,1,1,0,0.00355669,0.0100011
8192,128,1,1,2,0,0.00318805,0.00871765
8192,128,1,1,4,0,0.00482645,0.0117692
8192,128,1,1,8,0,0.00437589,0.0117754
8192,128,1,1,16,0,0.00360448,0.00986453
8192,128,1,1,16,1,0.00350208,0.00982357
8192,128,1,1,8,1,0.00357035,0.00986453
8192,128,1,1,4,1,0.00314027,0.00852651
8192,128,1,1,2,1,0.00318123,0.00873109
8192,128,1,1,1,1,0.00357717,0.0100147
8192,128,1,1,1,2,0.00357717,0.0100215
8192,128,1,1,2,2,0.00320853,0.00874496
8192,128,1,1,4,2,0.00314027,0.00851285
8192,128,1,1,8,2,0.00316075,0.00866987
8192,128,1,1,16,2,0.0033792,0.0094208
8192,128,2,0,1,0,0.003584,0.00429397
8192,128,2,0,2,0,0.00319488,0.00382976
8192,128,2,0,4,0,0.0031328,0.00378197
8192,128,2,0,8,0,0.00316075,0.00383659
8192,128,2,0,16,0,0.00336555,0.00412331
8192,128,2,0,16,1,0.00339285,0.00413013
8192,128,2,0,8,1,0.00316075,0.00383659
8192,128,2,0,4,1,0.00314027,0.00377515
8192,128,2,0,2,1,0.00320171,0.00382976
8192,128,2,0,1,1,0.00366592,0.00428715
8192,128,2,0,1,2,0.003584,0.00428715
8192,128,2,0,2,2,0.00318805,0.00382976
8192,128,2,0,4,2,0.00314709,0.00378197
8192,128,2,0,8,2,0.00316715,0.00382976
8192,128,2,0,16,2,0.00337237,0.00413696
8192,128,2,1,1,0,0.00357717,0.0100284
8192,128,2,1,2,0,0.00318805,0.00882005
8192,128,2,1,4,0,0.00314027,0.00856064
8192,128,2,1,8,0,0.00316075,0.00873813
8192,128,2,1,16,0,0.00337237,0.00943445
8192,128,2,1,16,1,0.00337237,0.00942763
8192,128,2,1,8,1,0.00316117,0.00873109
8192,128,2,1,4,1,0.00314027,0.00857387
8192,128,2,1,2,1,0.00318123,0.00881301
8192,128,2,1,1,1,0.00357035,0.0100352
8192,128,2,1,1,2,0.00357035,0.0100482
8192,128,2,1,2,2,0.00318848,0.00881323
8192,128,2,1,4,2,0.00312661,0.00855381
8192,128,2,1,8,2,0.00316757,0.00869717
8192,128,2,1,16,2,0.00338603,0.00946176
8192,256,1,0,1,0,0.00557056,0.00657408
8192,256,1,0,2,0,0.00446464,0.00589141
8192,256,1,0,4,0,0.00426667,0.0058368
8192,256,1,0,8,0,0.00429333,0.00559787
8192,256,1,0,16,0,0.00464896,0.00589824
8192,256,1,0,16,1,0.00463531,0.00590507
8192,256,1,0,8,1,0.00431445,0.00560469
8192,256,1,0,4,1,0.00424619,0.00584363
8192,256,1,0,2,1,0.00447147,0.00590507
8192,256,1,0,1,1,0.00556373,0.0065536
8192,256,1,0,1,2,0.00555691,0.00657408
8192,256,1,0,2,2,0.00447147,0.00589824
8192,256,1,0,4,2,0.00425301,0.00585664
8192,256,1,0,8,2,0.0043008,0.00559104
8192,256,1,0,16,2,0.00463531,0.00589141
8192,256,1,1,1,0,0.00556373,0.0150869
8192,256,1,1,2,0,0.00448512,0.0127454
8192,256,1,1,4,0,0.00425301,0.0123358
8192,256,1,1,8,0,0.0043008,0.0122402
8192,256,1,1,16,0,0.00462165,0.0128887
8192,256,1,1,16,1,0.00463531,0.0128887
8192,256,1,1,8,1,0.0043008,0.0122675
8192,256,1,1,4,1,0.00425984,0.0123358
8192,256,1,1,2,1,0.00445781,0.0127249
8192,256,1,1,1,1,0.00556373,0.0150801
8192,256,1,1,1,2,0.00556373,0.0150735
8192,256,1,1,2,2,0.00447147,0.0127311
8192,256,1,1,4,2,0.00425301,0.0123085
8192,256,1,1,8,2,0.00430763,0.0122402
8192,256,1,1,16,2,0.00462165,0.0129024
8192,256,2,0,1,0,0.00562517,0.00656725
8192,256,2,0,2,0,0.00447147,0.00588437
8192,256,2,0,4,0,0.00425963,0.00576171
8192,256,2,0,8,0,0.00430784,0.00557739
8192,256,2,0,16,0,0.00463531,0.00589824
8192,256,2,0,16,1,0.00464213,0.00589781
8192,256,2,0,8,1,0.00430805,0.00558421
8192,256,2,0,4,1,0.00426027,0.00576171
8192,256,2,0,2,1,0.00446464,0.00588459
8192,256,2,0,1,1,0.00556373,0.00656043
8192,256,2,0,1,2,0.00556373,0.00656043
8192,256,2,0,2,2,0.00446464,0.00588459
8192,256,2,0,4,2,0.00425301,0.00576171
8192,256,2,0,8,2,0.0043008,0.00557739
8192,256,2,0,16,2,0.00463531,0.00589824
8192,256,2,1,1,0,0.00556352,0.0151142
8192,256,2,1,2,0,0.00446464,0.0127044
8192,256,2,1,4,0,0.00425301,0.0123221
8192,256,2,1,8,0,0.00429397,0.0121852
8192,256,2,1,16,0,0.00464213,0.0128546
8192,256,2,1,16,1,0.00463531,0.0128683
8192,256,2,1,8,1,0.00431445,0.0121924
8192,256,2,1,4,1,0.00424597,0.012329
8192,256,2,1,2,1,0.00447147,0.0127117
8192,256,2,1,1,1,0.00555691,0.0151006
8192,256,2,1,1,2,0.00555691,0.0150801
8192,256,2,1,2,2,0.00447147,0.0127181
8192,256,2,1,4,2,0.00425984,0.0123358
8192,256,2,1,8,2,0.00429397,0.0121583
8192,256,2,1,16,2,0.00464213,0.012841
8192,512,1,0,1,0,0.00762539,0.0107793
8192,512,1,0,2,0,0.00743424,0.00994645
8192,512,1,0,4,0,0.00725632,0.00965973
8192,512,1,0,8,0,0.00750251,0.00951637
8192,512,1,0,16,0,0.00794624,0.0102537
8192,512,1,0,16,1,0.00792576,0.0102537
8192,512,1,0,8,1,0.00748203,0.00952384
8192,512,1,0,4,1,0.00724309,0.00965291
8192,512,1,0,2,1,0.00744789,0.00993963
8192,512,1,0,1,1,0.00764587,0.0108066
8192,512,1,0,1,2,0.00764587,0.0107725
8192,512,1,0,2,2,0.00744789,0.00993963
8192,512,1,0,4,2,0.00733184,0.00964608
8192,512,1,0,8,2,0.00750251,0.00951637
8192,512,1,0,16,2,0.00794624,0.0102537
8192,512,1,1,1,0,0.00763221,0.0215313
8192,512,1,1,2,0,0.00744789,0.0203981
8192,512,1,1,4,0,0.00724309,0.0197973
8192,512,1,1,8,0,0.00750251,0.0197222
8192,512,1,1,16,0,0.00793259,0.0214835
8192,512,1,1,16,1,0.00794603,0.0214903
8192,512,1,1,8,1,0.00751616,0.01977
8192,512,1,1,4,1,0.00724992,0.0197973
8192,512,1,1,2,1,0.00746133,0.0203639
8192,512,1,1,1,1,0.00765248,0.0215245
8192,512,1,1,1,2,0.00764587,0.021504
8192,512,1,1,2,2,0.00742741,0.0204186
8192,512,1,1,4,2,0.00724992,0.0198035
8192,512,1,1,8,2,0.00749568,0.0197291
8192,512,1,1,16,2,0.00792576,0.0214562
8192,512,2,0,1,0,0.00763904,0.0107863
8192,512,2,0,2,0,0.00745472,0.0100215
8192,512,2,0,4,0,0.00726357,0.00970069
8192,512,2,0,8,0,0.00750187,0.00956352
8192,512,2,0,16,0,0.00794624,0.0103219
8192,512,2,0,16,1,0.00793259,0.0103219
8192,512,2,0,8,1,0.00750208,0.00955051
8192,512,2,0,4,1,0.00725675,0.00968704
8192,512,2,0,2,1,0.00744107,0.00997376
8192,512,2,0,1,1,0.00762539,0.0108062
8192,512,2,0,1,2,0.00764587,0.0108066
8192,512,2,0,2,2,0.00744107,0.00995947
8192,512,2,0,4,2,0.00723669,0.00970005
8192,512,2,0,8,2,0.00748885,0.00955733
8192,512,2,0,16,2,0.00793941,0.0103219
8192,512,2,1,1,0,0.00762539,0.0215586
8192,512,2,1,2,0,0.00744789,0.0204117
8192,512,2,1,4,0,0.00724309,0.01977
8192,512,2,1,8,0,0.00750251,0.0198246
8192,512,2,1,16,0,0.00792533,0.021565
8192,512,2,1,16,1,0.00794624,0.021545
8192,512,2,1,8,1,0.00750912,0.0198042
8192,512,2,1,4,1,0.00723669,0.0197696
8192,512,2,1,2,1,0.00744789,0.0203844
8192,512,2,1,1,1,0.00763904,0.0215586
8192,512,2,1,1,2,0.00764587,0.021545
8192,512,2,1,2,2,0.00745472,0.0203844
8192,512,2,1,4,2,0.00724288,0.0197905
8192,512,2,1,8,2,0.00749568,0.0198178
8192,512,2,1,16,2,0.00793941,0.0215789
8192,1024,1,0,1,0,0.0131684,0.0209101
8192,1024,1,0,2,0,0.0127863,0.0197086
8192,1024,1,0,4,0,0.0131004,0.0198588
8192,1024,1,0,8,0,0.0149914,0.0194833
8192,1024,1,0,16,0,0.0175855,0.0211422
8192,1024,1,0,16,1,0.0175787,0.0211558
8192,1024,1,0,8,1,0.0150187,0.0194833
8192,1024,1,0,4,1,0.0131686,0.0200503
8192,1024,1,0,2,1,0.0128546,0.0198519
8192,1024,1,0,1,1,0.013155,0.0209783
8192,1024,1,0,1,2,0.013155,0.0209852
8192,1024,1,0,2,2,0.0128341,0.0198519
8192,1024,1,0,4,2,0.013155,0.020009
8192,1024,1,0,8,2,0.0150733,0.019613
8192,1024,1,0,16,2,0.0177015,0.0212924
8192,1024,1,1,1,0,0.0131482,0.0387345
8192,1024,1,1,2,0,0.0128068,0.0381331
8192,1024,1,1,4,0,0.013114,0.038557
8192,1024,1,1,8,0,0.0150323,0.0388301
8192,1024,1,1,16,0,0.0176469,0.0421205
8192,1024,1,1,16,1,0.017626,0.0421199
8192,1024,1,1,8,1,0.0150391,0.0388028
8192,1024,1,1,4,1,0.0131004,0.038598
8192,1024,1,1,2,1,0.0128546,0.0381201
8192,1024,1,1,1,1,0.0131413,0.038755
8192,1024,1,1,1,2,0.013155,0.0387345
8192,1024,1,1,2,2,0.0128478,0.0380996
8192,1024,1,1,4,2,0.0131209,0.0385638
8192,1024,1,1,8,2,0.0150462,0.0388233
8192,1024,1,1,16,2,0.0176265,0.0422571
8192,1024,2,0,1,0,0.0122812,0.0196813
8192,1024,2,0,2,0,0.0119806,0.0185894
8192,1024,2,0,4,0,0.012288,0.0187665
8192,1024,2,0,8,0,0.0140698,0.0183569
8192,1024,2,0,16,0,0.0165137,0.0201591
8192,1024,2,0,16,1,0.0165274,0.0201865
8192,1024,2,0,8,1,0.0140629,0.0183501
8192,1024,2,0,4,1,0.012288,0.0187733
8192,1024,2,0,2,1,0.0119808,0.018589
8192,1024,2,0,1,1,0.0123017,0.0196949
8192,1024,2,0,1,2,0.0123083,0.0196941
8192,1024,2,0,2,2,0.0119876,0.0185886
8192,1024,2,0,4,2,0.0122948,0.0187735
8192,1024,2,0,8,2,0.0140698,0.0183563
8192,1024,2,0,16,2,0.0165137,0.0201796
8192,1024,2,1,1,0,0.0123153,0.0361882
8192,1024,2,1,2,0,0.0119808,0.0357376
8192,1024,2,1,4,0,0.0122948,0.0360858
8192,1024,2,1,8,0,0.0140493,0.0361882
8192,1024,2,1,16,0,0.016521,0.0396561
8192,1024,2,1,16,1,0.0165069,0.0396834
8192,1024,2,1,8,1,0.0140698,0.0361882
8192,1024,2,1,4,1,0.0122948,0.0360994
8192,1024,2,1,2,1,0.0119671,0.0357781
8192,1024,2,1,1,1,0.0122948,0.0362769
8192,1024,2,1,1,2,0.0122948,0.0363042
8192,1024,2,1,2,2,0.0120149,0.0358195
8192,1024,2,1,4,2,0.0123017,0.0362223
8192,1024,2,1,8,2,0.0141107,0.0362906
8192,1024,2,1,16,2,0.0165683,0.0397926
65536,1024,1,0,1,0,0.286345,0.216439
65536,1024,1,0,2,0,0.287095,0.215859
65536,1024,1,0,4,0,0.286993,0.216201
65536,1024,1,0,8,0,0.287164,0.216849
65536,1024,1,0,16,0,0.286959,0.217293
65536,1024,1,0,16,1,0.286822,0.217393
65536,1024,1,0,8,1,0.287334,0.216747
65536,1024,1,0,4,1,0.287061,0.216269
65536,1024,1,0,2,1,0.287095,0.215825
65536,1024,1,0,1,1,0.286242,0.21654
65536,1024,1,0,1,2,0.286481,0.216644
65536,1024,1,0,2,2,0.287061,0.215822
65536,1024,1,0,4,2,0.286993,0.21603
65536,1024,1,0,8,2,0.287334,0.216951
65536,1024,1,0,16,2,0.286619,0.217427
65536,1024,1,1,1,0,0.286379,0.362496
65536,1024,1,1,2,0,0.28713,0.35799
65536,1024,1,1,4,0,0.286958,0.358844
65536,1024,1,1,8,0,0.287232,0.359596
65536,1024,1,1,16,0,0.286618,0.362837
65536,1024,1,1,16,1,0.287095,0.362837
65536,1024,1,1,8,1,0.287369,0.359458
65536,1024,1,1,4,1,0.286993,0.358878
65536,1024,1,1,2,1,0.286993,0.35799
65536,1024,1,1,1,1,0.286276,0.362428
65536,1024,1,1,1,2,0.286413,0.362496
65536,1024,1,1,2,2,0.287095,0.358059
65536,1024,1,1,4,2,0.287164,0.358912
65536,1024,1,1,8,2,0.287266,0.359595
65536,1024,1,1,16,2,0.286922,0.362735
65536,1024,2,0,1,0,0.286515,0.216644
65536,1024,2,0,2,0,0.287369,0.215962
65536,1024,2,0,4,0,0.287164,0.216064
65536,1024,2,0,8,0,0.287232,0.217054
65536,1024,2,0,16,0,0.286993,0.217429
65536,1024,2,0,16,1,0.286822,0.217634
65536,1024,2,0,8,1,0.287266,0.216918
65536,1024,2,0,4,1,0.287232,0.216405
65536,1024,2,0,2,1,0.287164,0.216098
65536,1024,2,0,1,1,0.286276,0.216713
65536,1024,2,0,1,2,0.286481,0.216609
65536,1024,2,0,2,2,0.287129,0.215825
65536,1024,2,0,4,2,0.286925,0.216371
65536,1024,2,0,8,2,0.287403,0.216917
65536,1024,2,0,16,2,0.286788,0.217463
65536,1024,2,1,1,0,0.286413,0.363315
65536,1024,2,1,2,0,0.2873,0.359117
65536,1024,2,1,4,0,0.286993,0.359663
65536,1024,2,1,8,0,0.287197,0.359492
65536,1024,2,1,16,0,0.286788,0.364544
65536,1024,2,1,16,1,0.286893,0.364578
65536,1024,2,1,8,1,0.287334,0.35939
65536,1024,2,1,4,1,0.287027,0.359697
65536,1024,2,1,2,1,0.28713,0.359014
65536,1024,2,1,1,1,0.286208,0.363247
65536,1024,2,1,1,2,0.286276,0.363278
65536,1024,2,1,2,2,0.28713,0.359117
65536,1024,2,1,4,2,0.286996,0.359629
65536,1024,2,1,8,2,0.2873,0.359595
65536,1024,2,1,16,2,0.286687,0.364544
