rows,dim,dtype,format,warps,lanes,trial,had_ms,fused_ms
32,64,1,0,1,32,0,0.00839512,0.0142139
32,64,1,0,2,32,0,0.00808609,0.0136364
32,64,1,0,4,32,0,0.00794103,0.0137658
32,64,1,0,8,32,0,0.00832152,0.0133819
32,64,1,0,16,32,0,0.00833509,0.0136238
32,64,1,0,16,32,1,0.00770347,0.0136448
32,64,1,0,8,32,1,0.00835078,0.0134747
32,64,1,0,4,32,1,0.00819535,0.0137486
32,64,1,0,2,32,1,0.00803657,0.0136194
32,64,1,0,1,32,1,0.00809204,0.0141938
32,64,1,0,1,32,2,0.00848046,0.0140733
32,64,1,0,2,32,2,0.00804541,0.0136254
32,64,1,0,4,32,2,0.00818773,0.0138501
32,64,1,0,8,32,2,0.0078816,0.013492
32,64,1,0,16,32,2,0.00836632,0.0136261
32,64,1,1,1,32,0,0.00799848,0.211231
32,64,1,1,2,32,0,0.00799909,0.212788
32,64,1,1,4,32,0,0.00797349,0.219585
32,64,1,1,8,32,0,0.00834088,0.220249
32,64,1,1,16,32,0,0.00834499,0.225951
32,64,1,1,16,32,1,0.0079075,0.22642
32,64,1,1,8,32,1,0.00836099,0.220995
32,64,1,1,4,32,1,0.0082144,0.219519
32,64,1,1,2,32,1,0.00842621,0.21402
32,64,1,1,1,32,1,0.00854126,0.211403
32,64,1,1,1,32,2,0.00814309,0.211385
32,64,1,1,2,32,2,0.00839726,0.212963
32,64,1,1,4,32,2,0.00798537,0.219423
32,64,1,1,8,32,2,0.00817722,0.220901
32,64,1,1,16,32,2,0.00835352,0.226571
32,64,2,0,1,32,0,0.00864716,0.0143273
32,64,2,0,2,32,0,0.00879863,0.0138319
32,64,2,0,4,32,0,0.0087712,0.0140974
32,64,2,0,8,32,0,0.00861181,0.0138537
32,64,2,0,16,32,0,0.00884922,0.0138818
32,64,2,0,16,32,1,0.00881143,0.0138933
32,64,2,0,8,32,1,0.00888031,0.0137154
32,64,2,0,4,32,1,0.00877303,0.0141012
32,64,2,0,2,32,1,0.00898636,0.0137516
32,64,2,0,1,32,1,0.00861562,0.0144274
32,64,2,0,1,32,2,0.00862629,0.0144552
32,64,2,0,2,32,2,0.00897219,0.0138493
32,64,2,0,4,32,2,0.00878507,0.0140766
32,64,2,0,8,32,2,0.00877074,0.013723
32,64,2,0,16,32,2,0.00881829,0.01389
32,64,2,1,1,32,0,0.0086685,0.211897
32,64,2,1,2,32,0,0.0088957,0.213361
32,64,2,1,4,32,0,0.00889478,0.219795
32,64,2,1,8,32,0,0.00881371,0.220749
32,64,2,1,16,32,0,0.00877135,0.226889
32,64,2,1,16,32,1,0.00877928,0.226742
32,64,2,1,8,32,1,0.00881585,0.22109
32,64,2,1,4,32,1,0.00886019,0.220253
32,64,2,1,2,32,1,0.00889554,0.213317
32,64,2,1,1,32,1,0.00867078,0.21148
32,64,2,1,1,32,2,0.00865051,0.211739
32,64,2,1,2,32,2,0.00889737,0.213085
32,64,2,1,4,32,2,0.00885608,0.219244
32,64,2,1,8,32,2,0.00858255,0.220199
32,64,2,1,16,32,2,0.00865295,0.226466
32,128,1,0,1,32,0,0.0108308,0.0226798
32,128,1,0,2,32,0,0.0110971,0.0232347
32,128,1,0,4,32,0,0.011213,0.0235445
32,128,1,0,8,32,0,0.0111849,0.0236148
32,128,1,0,16,32,0,0.0111889,0.0234592
32,128,1,0,16,32,1,0.0113682,0.0235793
32,128,1,0,8,32,1,0.0111759,0.0234184
32,128,1,0,4,32,1,0.0112265,0.0235351
32,128,1,0,2,32,1,0.0112814,0.0232325
32,128,1,0,1,32,1,0.0108315,0.0226782
32,128,1,0,1,32,2,0.011325,0.0226706
32,128,1,0,2,32,2,0.0112846,0.0232233
32,128,1,0,4,32,2,0.0114293,0.0235362
32,128,1,0,8,32,2,0.011175,0.0234321
32,128,1,0,16,32,2,0.011387,0.0235677
32,128,1,1,1,32,0,0.01098,0.320645
32,128,1,1,2,32,0,0.0111682,0.323971
32,128,1,1,4,32,0,0.0113478,0.334954
32,128,1,1,8,32,0,0.0113155,0.338294
32,128,1,1,16,32,0,0.0115138,0.348681
32,128,1,1,16,32,1,0.0115186,0.348798
32,128,1,1,8,32,1,0.0113367,0.338752
32,128,1,1,4,32,1,0.0113707,0.334687
32,128,1,1,2,32,1,0.0113489,0.323771
32,128,1,1,1,32,1,0.0108279,0.319644
32,128,1,1,1,32,2,0.0108119,0.319764
32,128,1,1,2,32,2,0.0113417,0.323447
32,128,1,1,4,32,2,0.0113429,0.334226
32,128,1,1,8,32,2,0.011298,0.338036
32,128,1,1,16,32,2,0.0114895,0.348341
32,128,2,0,1,32,0,0.0126082,0.0236815
32,128,2,0,2,32,0,0.0124779,0.0244247
32,128,2,0,4,32,0,0.0126513,0.0246037
32,128,2,0,8,32,0,0.012483,0.0246586
32,128,2,0,16,32,0,0.0125835,0.024798
32,128,2,0,16,32,1,0.0125818,0.0247938
32,128,2,0,8,32,1,0.012382,0.0246498
32,128,2,0,4,32,1,0.0126496,0.0246984
32,128,2,0,2,32,1,0.0124741,0.0244251
32,128,2,0,1,32,1,0.0127075,0.0236738
32,128,2,0,1,32,2,0.012829,0.0236773
32,128,2,0,2,32,2,0.0124754,0.0244216
32,128,2,0,4,32,2,0.0125518,0.0247066
32,128,2,0,8,32,2,0.0123829,0.0246621
32,128,2,0,16,32,2,0.0126744,0.0248101
32,128,2,1,1,32,0,0.0124946,0.322035
32,128,2,1,2,32,0,0.0124075,0.32557
32,128,2,1,4,32,0,0.0125498,0.336476
32,128,2,1,8,32,0,0.0126298,0.339816
32,128,2,1,16,32,0,0.0127028,0.350247
32,128,2,1,16,32,1,0.0127902,0.350382
32,128,2,1,8,32,1,0.0124407,0.339828
32,128,2,1,4,32,1,0.0124529,0.33612
32,128,2,1,2,32,1,0.0124076,0.325846
32,128,2,1,1,32,1,0.0124962,0.322135
32,128,2,1,1,32,2,0.0124981,0.32211
32,128,2,1,2,32,2,0.012525,0.325684
32,128,2,1,4,32,2,0.0124544,0.336173
32,128,2,1,8,32,2,0.0125403,0.339567
32,128,2,1,16,32,2,0.012706,0.350384
32,256,1,0,1,32,0,0.0177897,0.040981
32,256,1,0,2,32,0,0.0180174,0.0415208
32,256,1,0,4,32,0,0.0181314,0.0421489
32,256,1,0,8,32,0,0.0180657,0.0421539
32,256,1,0,16,32,0,0.0183035,0.0419765
32,256,1,0,16,32,1,0.0183066,0.0419767
32,256,1,0,8,32,1,0.0180507,0.0421332
32,256,1,0,4,32,1,0.0181292,0.0421524
32,256,1,0,2,32,1,0.0179089,0.0415147
32,256,1,0,1,32,1,0.0177906,0.0409847
32,256,1,0,1,32,2,0.017799,0.0409865
32,256,1,0,2,32,2,0.0180078,0.0415006
32,256,1,0,4,32,2,0.0181298,0.0421481
32,256,1,0,8,32,2,0.0180536,0.0421285
32,256,1,0,16,32,2,0.0183002,0.0419707
32,256,1,1,1,32,0,0.0177845,0.53884
32,256,1,1,2,32,0,0.0179287,0.547822
32,256,1,1,4,32,0,0.0182866,0.568858
32,256,1,1,8,32,0,0.0180247,0.572467
32,256,1,1,16,32,0,0.0182338,0.593305
32,256,1,1,16,32,1,0.0182354,0.593596
32,256,1,1,8,32,1,0.0181339,0.572755
32,256,1,1,4,32,1,0.0182814,0.569105
32,256,1,1,2,32,1,0.0179282,0.548095
32,256,1,1,1,32,1,0.0176744,0.538679
32,256,1,1,1,32,2,0.0177794,0.53801
32,256,1,1,2,32,2,0.0179294,0.546906
32,256,1,1,4,32,2,0.018286,0.568127
32,256,1,1,8,32,2,0.0181458,0.571759
32,256,1,1,16,32,2,0.0181335,0.592561
32,256,2,0,1,32,0,0.0210174,0.0434091
32,256,2,0,2,32,0,0.021571,0.0444264
32,256,2,0,4,32,0,0.0217274,0.0449742
32,256,2,0,8,32,0,0.0216451,0.0450947
32,256,2,0,16,32,0,0.0221525,0.0448611
32,256,2,0,16,32,1,0.0220459,0.044862
32,256,2,0,8,32,1,0.0216358,0.0450967
32,256,2,0,4,32,1,0.0217248,0.0449749
32,256,2,0,2,32,1,0.0215717,0.0444189
32,256,2,0,1,32,1,0.0210141,0.043401
32,256,2,0,1,32,2,0.0210173,0.0434094
32,256,2,0,2,32,2,0.0215723,0.0444206
32,256,2,0,4,32,2,0.0217274,0.0449705
32,256,2,0,8,32,2,0.0217413,0.0451057
32,256,2,0,16,32,2,0.0220434,0.0448538
32,256,2,1,1,32,0,0.0209652,0.543803
32,256,2,1,2,32,0,0.0214674,0.551634
32,256,2,1,4,32,0,0.0218754,0.572317
32,256,2,1,8,32,0,0.0217303,0.576128
32,256,2,1,16,32,0,0.022108,0.59768
32,256,2,1,16,32,1,0.0220011,0.597234
32,256,2,1,8,32,1,0.0217422,0.576872
32,256,2,1,4,32,1,0.0218888,0.572767
32,256,2,1,2,32,1,0.021474,0.552117
32,256,2,1,1,32,1,0.0209614,0.543565
32,256,2,1,1,32,2,0.0209588,0.543602
32,256,2,1,2,32,2,0.0214821,0.55217
32,256,2,1,4,32,2,0.021881,0.573261
32,256,2,1,8,32,2,0.0217324,0.577213
32,256,2,1,16,32,2,0.0221103,0.597646
32,512,1,0,1,32,0,0.0352,0.0808229
32,512,1,0,2,32,0,0.0355035,0.0807832
32,512,1,0,4,32,0,0.0358318,0.0821608
32,512,1,0,8,32,0,0.0357606,0.0822593
32,512,1,0,16,32,0,0.0361646,0.0822175
32,512,1,0,16,32,1,0.0361542,0.0822121
32,512,1,0,8,32,1,0.0357566,0.082259
32,512,1,0,4,32,1,0.0358313,0.0821588
32,512,1,0,2,32,1,0.0354398,0.0807293
32,512,1,0,1,32,1,0.0352021,0.0807994
32,512,1,0,1,32,2,0.0351928,0.0808136
32,512,1,0,2,32,2,0.0353449,0.0807336
32,512,1,0,4,32,2,0.0358374,0.0821653
32,512,1,0,8,32,2,0.0357638,0.0822612
32,512,1,0,16,32,2,0.0361611,0.0822264
32,512,1,1,1,32,0,0.035077,0.972151
32,512,1,1,2,32,0,0.0350808,0.985995
32,512,1,1,4,32,0,0.0359426,1.02481
32,512,1,1,8,32,0,0.0359563,1.02806
32,512,1,1,16,32,0,0.036007,1.07047
32,512,1,1,16,32,1,0.0359634,1.07074
32,512,1,1,8,32,1,0.0359397,1.02808
32,512,1,1,4,32,1,0.0359461,1.02379
32,512,1,1,2,32,1,0.0351788,0.985391
32,512,1,1,1,32,1,0.0350752,0.971865
32,512,1,1,1,32,2,0.0350737,0.971325
32,512,1,1,2,32,2,0.0351739,0.984852
32,512,1,1,4,32,2,0.0359486,1.02375
32,512,1,1,8,32,2,0.0359512,1.02813
32,512,1,1,16,32,2,0.0359726,1.07079
32,512,2,0,1,32,0,0.0376603,0.0819944
32,512,2,0,2,32,0,0.0375217,0.0817483
32,512,2,0,4,32,0,0.0379037,0.0833272
32,512,2,0,8,32,0,0.0378635,0.083324
32,512,2,0,16,32,0,0.0383093,0.0833941
32,512,2,0,16,32,1,0.0382124,0.083394
32,512,2,0,8,32,1,0.037863,0.0833198
32,512,2,0,4,32,1,0.0379042,0.0833341
32,512,2,0,2,32,1,0.0375497,0.0817455
32,512,2,0,1,32,1,0.037653,0.0819866
32,512,2,0,1,32,2,0.0376546,0.0819913
32,512,2,0,2,32,2,0.0375395,0.0817417
32,512,2,0,4,32,2,0.0378991,0.0833356
32,512,2,0,8,32,2,0.0377609,0.0833193
32,512,2,0,16,32,2,0.0383186,0.0833911
32,512,2,1,1,32,0,0.0375276,0.976483
32,512,2,1,2,32,0,0.0372725,0.989147
32,512,2,1,4,32,0,0.0379939,1.02847
32,512,2,1,8,32,0,0.0381184,1.03252
32,512,2,1,16,32,0,0.0380512,1.07483
32,512,2,1,16,32,1,0.0380599,1.07465
32,512,2,1,8,32,1,0.0380221,1.03242
32,512,2,1,4,32,1,0.038002,1.02818
32,512,2,1,2,32,1,0.0372664,0.989511
32,512,2,1,1,32,1,0.0375435,0.97634
32,512,2,1,1,32,2,0.0375549,0.976302
32,512,2,1,2,32,2,0.0372753,0.988651
32,512,2,1,4,32,2,0.037993,1.02848
32,512,2,1,8,32,2,0.038137,1.03271
32,512,2,1,16,32,2,0.0381577,1.07545
32,1024,1,0,1,32,0,0.0662104,0.156126
32,1024,1,0,2,32,0,0.0652212,0.15938
32,1024,1,0,4,32,0,0.0665335,0.162565
32,1024,1,0,8,32,0,0.0664975,0.162684
32,1024,1,0,16,32,0,0.0668663,0.163222
32,1024,1,0,16,32,1,0.0668506,0.163222
32,1024,1,0,8,32,1,0.0665964,0.162692
32,1024,1,0,4,32,1,0.0665248,0.162574
32,1024,1,0,2,32,1,0.0651154,0.159363
32,1024,1,0,1,32,1,0.0661019,0.156123
32,1024,1,0,1,32,2,0.0662056,0.156127
32,1024,1,0,2,32,2,0.0652293,0.159363
32,1024,1,0,4,32,2,0.0664094,0.162559
32,1024,1,0,8,32,2,0.0666019,0.16269
32,1024,1,0,16,32,2,0.0668657,0.163223
32,1024,1,1,1,32,0,0.0661847,1.84261
32,1024,1,1,2,32,0,0.0651552,1.87045
32,1024,1,1,4,32,0,0.066252,1.94798
32,1024,1,1,8,32,0,0.0664384,1.95875
32,1024,1,1,16,32,0,0.0669441,2.03793
32,1024,1,1,16,32,1,0.0669541,2.03721
32,1024,1,1,8,32,1,0.0664373,1.95881
32,1024,1,1,4,32,1,0.0662505,1.94779
32,1024,1,1,2,32,1,0.0651605,1.87063
32,1024,1,1,1,32,1,0.0661833,1.84272
32,1024,1,1,1,32,2,0.0661879,1.84282
32,1024,1,1,2,32,2,0.0651622,1.8704
32,1024,1,1,4,32,2,0.0662688,1.94829
32,1024,1,1,8,32,2,0.066443,1.95929
32,1024,1,1,16,32,2,0.0669411,2.03733
32,1024,2,0,1,32,0,0.0704162,0.157479
32,1024,2,0,2,32,0,0.0716172,0.16047
32,1024,2,0,4,32,0,0.0730101,0.163941
32,1024,2,0,8,32,0,0.0730842,0.164065
32,1024,2,0,16,32,0,0.0736606,0.164607
32,1024,2,0,16,32,1,0.0736588,0.164617
32,1024,2,0,8,32,1,0.0729847,0.164058
32,1024,2,0,4,32,1,0.0730095,0.163936
32,1024,2,0,2,32,1,0.0716221,0.160498
32,1024,2,0,1,32,1,0.0704149,0.157489
32,1024,2,0,1,32,2,0.0703064,0.157476
32,1024,2,0,2,32,2,0.07162,0.160478
32,1024,2,0,4,32,2,0.0728983,0.163934
32,1024,2,0,8,32,2,0.0730749,0.164056
32,1024,2,0,16,32,2,0.0736558,0.164612
32,1024,2,1,1,32,0,0.0702167,1.84955
32,1024,2,1,2,32,0,0.0714303,1.8782
32,1024,2,1,4,32,0,0.0727316,1.95599
32,1024,2,1,8,32,0,0.072864,1.96711
32,1024,2,1,16,32,0,0.0737016,2.04549
32,1024,2,1,16,32,1,0.0736997,2.04569
32,1024,2,1,8,32,1,0.0729734,1.96707
32,1024,2,1,4,32,1,0.0727224,1.95603
32,1024,2,1,2,32,1,0.0715454,1.87828
32,1024,2,1,1,32,1,0.0703167,1.84952
32,1024,2,1,1,32,2,0.070327,1.8497
32,1024,2,1,2,32,2,0.0715397,1.87845
32,1024,2,1,4,32,2,0.072733,1.95617
32,1024,2,1,8,32,2,0.072964,1.96718
32,1024,2,1,16,32,2,0.0737026,2.0455
8192,64,1,0,1,32,0,0.0257493,0.053171
8192,64,1,0,2,32,0,0.0175284,0.0356168
8192,64,1,0,4,32,0,0.0138411,0.0273541
8192,64,1,0,8,32,0,0.0138121,0.0274278
8192,64,1,0,16,32,0,0.0135468,0.0242243
8192,64,1,0,16,32,1,0.0135522,0.0242281
8192,64,1,0,8,32,1,0.0139479,0.027445
8192,64,1,0,4,32,1,0.0139735,0.0273243
8192,64,1,0,2,32,1,0.0174795,0.0356128
8192,64,1,0,1,32,1,0.0257623,0.0531701
8192,64,1,0,1,32,2,0.0257544,0.0531572
8192,64,1,0,2,32,2,0.0173961,0.0357137
8192,64,1,0,4,32,2,0.0138438,0.0273504
8192,64,1,0,8,32,2,0.0140136,0.0273525
8192,64,1,0,16,32,2,0.0135432,0.0242296
8192,64,1,1,1,32,0,0.0258176,1.75844
8192,64,1,1,2,32,0,0.0174693,1.02099
8192,64,1,1,4,32,0,0.0140262,0.772906
8192,64,1,1,8,32,0,0.0138639,0.769384
8192,64,1,1,16,32,0,0.0133839,0.761135
8192,64,1,1,16,32,1,0.0133961,0.760907
8192,64,1,1,8,32,1,0.0138542,0.769761
8192,64,1,1,4,32,1,0.0139803,0.773278
8192,64,1,1,2,32,1,0.0174856,1.02108
8192,64,1,1,1,32,1,0.0258219,1.75817
8192,64,1,1,1,32,2,0.0258107,1.75788
8192,64,1,1,2,32,2,0.0174747,1.02147
8192,64,1,1,4,32,2,0.0139031,0.773077
8192,64,1,1,8,32,2,0.0138744,0.770223
8192,64,1,1,16,32,2,0.0134045,0.761465
8192,64,2,0,1,32,0,0.0296151,0.0552791
8192,64,2,0,2,32,0,0.020355,0.0369917
8192,64,2,0,4,32,0,0.0161225,0.0283884
8192,64,2,0,8,32,0,0.0161009,0.0285566
8192,64,2,0,16,32,0,0.0154516,0.0251861
8192,64,2,0,16,32,1,0.0154429,0.0251883
8192,64,2,0,8,32,1,0.0160634,0.028434
8192,64,2,0,4,32,1,0.0161141,0.0282808
8192,64,2,0,2,32,1,0.0204443,0.0369739
8192,64,2,0,1,32,1,0.0296247,0.0552715
8192,64,2,0,1,32,2,0.029625,0.0551835
8192,64,2,0,2,32,2,0.0203483,0.036972
8192,64,2,0,4,32,2,0.0161096,0.0284005
8192,64,2,0,8,32,2,0.0160542,0.0285358
8192,64,2,0,16,32,2,0.0154508,0.0251898
8192,64,2,1,1,32,0,0.0296619,1.77421
8192,64,2,1,2,32,0,0.0202955,1.03252
8192,64,2,1,4,32,0,0.0161832,0.782071
8192,64,2,1,8,32,0,0.0161144,0.77956
8192,64,2,1,16,32,0,0.0154025,0.769628
8192,64,2,1,16,32,1,0.0154232,0.770002
8192,64,2,1,8,32,1,0.016083,0.778322
8192,64,2,1,4,32,1,0.0161937,0.782391
8192,64,2,1,2,32,1,0.0202984,1.03189
8192,64,2,1,1,32,1,0.029685,1.77418
8192,64,2,1,1,32,2,0.0296768,1.77434
8192,64,2,1,2,32,2,0.0202889,1.03202
8192,64,2,1,4,32,2,0.0162092,0.782099
8192,64,2,1,8,32,2,0.0161111,0.778489
8192,64,2,1,16,32,2,0.0155202,0.769601
8192,128,1,0,1,32,0,0.0411904,0.101176
8192,128,1,0,2,32,0,0.0282641,0.0660762
8192,128,1,0,4,32,0,0.0221603,0.0503345
8192,128,1,0,8,32,0,0.0224706,0.050148
8192,128,1,0,16,32,0,0.0200232,0.04262
8192,128,1,0,16,32,1,0.0200475,0.0426334
8192,128,1,0,8,32,1,0.0223602,0.0501606
8192,128,1,0,4,32,1,0.022141,0.0503116
8192,128,1,0,2,32,1,0.0282821,0.0660637
8192,128,1,0,1,32,1,0.0411832,0.101143
8192,128,1,0,1,32,2,0.0411933,0.101026
8192,128,1,0,2,32,2,0.0282679,0.0660846
8192,128,1,0,4,32,2,0.0221544,0.0503205
8192,128,1,0,8,32,2,0.0223753,0.0501618
8192,128,1,0,16,32,2,0.0200323,0.0426109
8192,128,1,1,1,32,0,0.0410987,3.14079
8192,128,1,1,2,32,0,0.0283202,1.80388
8192,128,1,1,4,32,0,0.0222181,1.29511
8192,128,1,1,8,32,0,0.022301,1.31274
8192,128,1,1,16,32,0,0.0200878,1.27106
8192,128,1,1,16,32,1,0.0201928,1.27059
8192,128,1,1,8,32,1,0.022327,1.31146
8192,128,1,1,4,32,1,0.022096,1.29531
8192,128,1,1,2,32,1,0.0283278,1.80376
8192,128,1,1,1,32,1,0.0411014,3.13942
8192,128,1,1,1,32,2,0.0411043,3.14047
8192,128,1,1,2,32,2,0.0283394,1.80419
8192,128,1,1,4,32,2,0.0220887,1.29554
8192,128,1,1,8,32,2,0.0223205,1.31201
8192,128,1,1,16,32,2,0.0200774,1.27004
8192,128,2,0,1,32,0,0.049225,0.10531
8192,128,2,0,2,32,0,0.0332066,0.0695835
8192,128,2,0,4,32,0,0.0262385,0.0528229
8192,128,2,0,8,32,0,0.0264302,0.053125
8192,128,2,0,16,32,0,0.0235674,0.0454191
8192,128,2,0,16,32,1,0.0235817,0.0454138
8192,128,2,0,8,32,1,0.0264466,0.0531192
8192,128,2,0,4,32,1,0.0262589,0.0528317
8192,128,2,0,2,32,1,0.0332227,0.0696794
8192,128,2,0,1,32,1,0.0491349,0.105283
8192,128,2,0,1,32,2,0.0491235,0.105296
8192,128,2,0,2,32,2,0.0332094,0.0696753
8192,128,2,0,4,32,2,0.0262673,0.0528218
8192,128,2,0,8,32,2,0.0264395,0.0531125
8192,128,2,0,16,32,2,0.0235706,0.0454331
8192,128,2,1,1,32,0,0.0491093,3.17451
8192,128,2,1,2,32,0,0.0332654,1.82801
8192,128,2,1,4,32,0,0.0261725,1.31542
8192,128,2,1,8,32,0,0.0264148,1.33007
8192,128,2,1,16,32,0,0.0235714,1.28759
8192,128,2,1,16,32,1,0.0235715,1.28744
8192,128,2,1,8,32,1,0.0264378,1.32982
8192,128,2,1,4,32,1,0.0261912,1.31608
8192,128,2,1,2,32,1,0.0332855,1.82819
8192,128,2,1,1,32,1,0.0491118,3.17454
8192,128,2,1,1,32,2,0.0491148,3.17465
8192,128,2,1,2,32,2,0.0332841,1.82915
8192,128,2,1,4,32,2,0.0261623,1.31562
8192,128,2,1,8,32,2,0.0264299,1.32979
8192,128,2,1,16,32,2,0.0235744,1.28786
8192,256,1,0,1,32,0,0.0795953,0.192379
8192,256,1,0,2,32,0,0.0525257,0.123758
8192,256,1,0,4,32,0,0.0401653,0.0935243
8192,256,1,0,8,32,0,0.0395476,0.0941809
8192,256,1,0,16,32,0,0.0342043,0.0791901
8192,256,1,0,16,32,1,0.0340835,0.0791928
8192,256,1,0,8,32,1,0.0393992,0.0941887
8192,256,1,0,4,32,1,0.0400251,0.0935188
8192,256,1,0,2,32,1,0.0525438,0.123764
8192,256,1,0,1,32,1,0.0795019,0.192361
8192,256,1,0,1,32,2,0.0795221,0.19225
8192,256,1,0,2,32,2,0.0525368,0.123728
8192,256,1,0,4,32,2,0.0400712,0.0934982
8192,256,1,0,8,32,2,0.0394345,0.0941362
8192,256,1,0,16,32,2,0.034196,0.0792061
8192,256,1,1,1,32,0,0.079591,6.0214
8192,256,1,1,2,32,0,0.0523174,3.41029
8192,256,1,1,4,32,0,0.0400053,2.35709
8192,256,1,1,8,32,0,0.0395604,2.44297
8192,256,1,1,16,32,0,0.0339416,2.34391
8192,256,1,1,16,32,1,0.0341003,2.34393
8192,256,1,1,8,32,1,0.0394034,2.44372
8192,256,1,1,4,32,1,0.0400651,2.35739
8192,256,1,1,2,32,1,0.0523357,3.41202
8192,256,1,1,1,32,1,0.0794882,6.02087
8192,256,1,1,1,32,2,0.0794654,6.02463
8192,256,1,1,2,32,2,0.0523275,3.41152
8192,256,1,1,4,32,2,0.0400652,2.35891
8192,256,1,1,8,32,2,0.0395611,2.44367
8192,256,1,1,16,32,2,0.0339485,2.34483
8192,256,2,0,1,32,0,0.0986737,0.201907
8192,256,2,0,2,32,0,0.0658685,0.130441
8192,256,2,0,4,32,0,0.049813,0.0993391
8192,256,2,0,8,32,0,0.04936,0.0998252
8192,256,2,0,16,32,0,0.043022,0.0846498
8192,256,2,0,16,32,1,0.0430075,0.0845349
8192,256,2,0,8,32,1,0.049287,0.0998964
8192,256,2,0,4,32,1,0.0497749,0.099362
8192,256,2,0,2,32,1,0.0658601,0.130464
8192,256,2,0,1,32,1,0.098576,0.201885
8192,256,2,0,1,32,2,0.0985656,0.201929
8192,256,2,0,2,32,2,0.0658639,0.130532
8192,256,2,0,4,32,2,0.0498117,0.0993405
8192,256,2,0,8,32,2,0.0493391,0.0999166
8192,256,2,0,16,32,2,0.0430216,0.0846533
8192,256,2,1,1,32,0,0.0981501,6.08026
8192,256,2,1,2,32,0,0.065077,3.45607
8192,256,2,1,4,32,0,0.0494107,2.3906
8192,256,2,1,8,32,0,0.0497099,2.47713
8192,256,2,1,16,32,0,0.043404,2.38009
8192,256,2,1,16,32,1,0.0433816,2.38016
8192,256,2,1,8,32,1,0.049716,2.47692
8192,256,2,1,4,32,1,0.0494421,2.38974
8192,256,2,1,2,32,1,0.0651048,3.45614
8192,256,2,1,1,32,1,0.0980539,6.08255
8192,256,2,1,1,32,2,0.0981758,6.08258
8192,256,2,1,2,32,2,0.0652067,3.45507
8192,256,2,1,4,32,2,0.0494781,2.38848
8192,256,2,1,8,32,2,0.0497315,2.4762
8192,256,2,1,16,32,2,0.0433832,2.38046
8192,512,1,0,1,32,0,0.162735,0.385092
8192,512,1,0,2,32,0,0.10651,0.253605
8192,512,1,0,4,32,0,0.0812119,0.194856
8192,512,1,0,8,32,0,0.0815636,0.194364
8192,512,1,0,16,32,0,0.0714622,0.161498
8192,512,1,0,16,32,1,0.0713458,0.161406
8192,512,1,0,8,32,1,0.0814993,0.19452
8192,512,1,0,4,32,1,0.0813012,0.19478
8192,512,1,0,2,32,1,0.106484,0.253621
8192,512,1,0,1,32,1,0.162419,0.38497
8192,512,1,0,1,32,2,0.162578,0.384929
8192,512,1,0,2,32,2,0.106477,0.253523
8192,512,1,0,4,32,2,0.081198,0.194759
8192,512,1,0,8,32,2,0.0815447,0.194262
8192,512,1,0,16,32,2,0.0713611,0.161371
8192,512,1,1,1,32,0,0.162563,12.2565
8192,512,1,1,2,32,0,0.106455,6.9949
8192,512,1,1,4,32,0,0.0814699,5.16726
8192,512,1,1,8,32,0,0.0815549,5.10353
8192,512,1,1,16,32,0,0.0712032,5.13079
8192,512,1,1,16,32,1,0.0712027,5.13032
8192,512,1,1,8,32,1,0.081586,5.10059
8192,512,1,1,4,32,1,0.0813271,5.16824
8192,512,1,1,2,32,1,0.106372,6.98956
8192,512,1,1,1,32,1,0.162434,12.2587
8192,512,1,1,1,32,2,0.162569,12.2542
8192,512,1,1,2,32,2,0.106377,6.99029
8192,512,1,1,4,32,2,0.0814138,5.16817
8192,512,1,1,8,32,2,0.0815352,5.10293
8192,512,1,1,16,32,2,0.0712066,5.13175
8192,512,2,0,1,32,0,0.191561,0.401659
8192,512,2,0,2,32,0,0.124317,0.261342
8192,512,2,0,4,32,0,0.0934976,0.202112
8192,512,2,0,8,32,0,0.0937853,0.201173
8192,512,2,0,16,32,0,0.0813752,0.165995
8192,512,2,0,16,32,1,0.0812556,0.166183
8192,512,2,0,8,32,1,0.0939278,0.201098
8192,512,2,0,4,32,1,0.0934498,0.202298
8192,512,2,0,2,32,1,0.124252,0.261206
8192,512,2,0,1,32,1,0.191396,0.40158
8192,512,2,0,1,32,2,0.191428,0.401629
8192,512,2,0,2,32,2,0.124295,0.261301
8192,512,2,0,4,32,2,0.0934581,0.202307
8192,512,2,0,8,32,2,0.0937822,0.200712
8192,512,2,0,16,32,2,0.0813431,0.165781
8192,512,2,1,1,32,0,0.19158,12.3412
8192,512,2,1,2,32,0,0.124193,7.07596
8192,512,2,1,4,32,0,0.0936992,5.23986
8192,512,2,1,8,32,0,0.0939291,5.16423
8192,512,2,1,16,32,0,0.0812218,5.19541
8192,512,2,1,16,32,1,0.0812094,5.19495
8192,512,2,1,8,32,1,0.0938232,5.16323
8192,512,2,1,4,32,1,0.0936704,5.2393
8192,512,2,1,2,32,1,0.124343,7.07837
8192,512,2,1,1,32,1,0.191539,12.3434
8192,512,2,1,1,32,2,0.191488,12.338
8192,512,2,1,2,32,2,0.124214,7.07914
8192,512,2,1,4,32,2,0.0936742,5.2362
8192,512,2,1,8,32,2,0.0938283,5.16517
8192,512,2,1,16,32,2,0.081227,5.19561
8192,1024,1,0,1,32,0,0.417925,1.52575
8192,1024,1,0,2,32,0,0.274457,0.939182
8192,1024,1,0,4,32,0,0.191814,0.653897
8192,1024,1,0,8,32,0,0.195648,0.580197
8192,1024,1,0,16,32,0,0.193647,0.549175
8192,1024,1,0,16,32,1,0.193637,0.549987
8192,1024,1,0,8,32,1,0.19554,0.579388
8192,1024,1,0,4,32,1,0.191696,0.653634
8192,1024,1,0,2,32,1,0.274547,0.939459
8192,1024,1,0,1,32,1,0.417722,1.52619
8192,1024,1,0,1,32,2,0.41767,1.52563
8192,1024,1,0,2,32,2,0.274447,0.93887
8192,1024,1,0,4,32,2,0.191688,0.653542
8192,1024,1,0,8,32,2,0.195526,0.579826
8192,1024,1,0,16,32,2,0.193609,0.54923
8192,1024,1,1,1,32,0,0.418446,29.6685
8192,1024,1,1,2,32,0,0.274027,16.6706
8192,1024,1,1,4,32,0,0.190974,10.6529
8192,1024,1,1,8,32,0,0.195195,10.7775
8192,1024,1,1,16,32,0,0.193417,10.4927
8192,1024,1,1,16,32,1,0.193395,10.4918
8192,1024,1,1,8,32,1,0.195171,10.779
8192,1024,1,1,4,32,1,0.190946,10.6519
8192,1024,1,1,2,32,1,0.273991,16.684
8192,1024,1,1,1,32,1,0.418297,29.7019
8192,1024,1,1,1,32,2,0.418317,29.6948
8192,1024,1,1,2,32,2,0.273991,16.6678
8192,1024,1,1,4,32,2,0.190994,10.6537
8192,1024,1,1,8,32,2,0.195107,10.7775
8192,1024,1,1,16,32,2,0.193268,10.4909
8192,1024,2,0,1,32,0,0.470036,1.54746
8192,1024,2,0,2,32,0,0.31564,0.950024
8192,1024,2,0,4,32,0,0.216989,0.663792
8192,1024,2,0,8,32,0,0.219812,0.58677
8192,1024,2,0,16,32,0,0.217181,0.556686
8192,1024,2,0,16,32,1,0.217219,0.556907
8192,1024,2,0,8,32,1,0.219845,0.5873
8192,1024,2,0,4,32,1,0.216808,0.663855
8192,1024,2,0,2,32,1,0.315678,0.949715
8192,1024,2,0,1,32,1,0.46998,1.5477
8192,1024,2,0,1,32,2,0.470109,1.54635
8192,1024,2,0,2,32,2,0.315495,0.949128
8192,1024,2,0,4,32,2,0.216788,0.663701
8192,1024,2,0,8,32,2,0.219904,0.586305
8192,1024,2,0,16,32,2,0.217189,0.556579
8192,1024,2,1,1,32,0,0.470582,29.8794
8192,1024,2,1,2,32,0,0.315415,16.8312
8192,1024,2,1,4,32,0,0.216306,10.7715
8192,1024,2,1,8,32,0,0.219427,10.878
8192,1024,2,1,16,32,0,0.217341,10.5766
8192,1024,2,1,16,32,1,0.21729,10.5753
8192,1024,2,1,8,32,1,0.219475,10.8774
8192,1024,2,1,4,32,1,0.216296,10.7736
8192,1024,2,1,2,32,1,0.315401,16.8137
8192,1024,2,1,1,32,1,0.470558,29.9417
8192,1024,2,1,1,32,2,0.470434,29.9584
8192,1024,2,1,2,32,2,0.315359,16.8312
8192,1024,2,1,4,32,2,0.216584,10.7825
8192,1024,2,1,8,32,2,0.219426,10.8732
8192,1024,2,1,16,32,2,0.217333,10.5772
65536,1024,1,0,1,32,0,2.62537,11.3018
65536,1024,1,0,2,32,0,1.49318,6.45558
65536,1024,1,0,4,32,0,0.996607,4.21881
65536,1024,1,0,8,32,0,0.962133,4.38749
65536,1024,1,0,16,32,0,0.999064,4.10197
65536,1024,1,0,16,32,1,0.998435,4.09963
65536,1024,1,0,8,32,1,0.962173,4.36895
65536,1024,1,0,4,32,1,0.996856,4.21676
65536,1024,1,0,2,32,1,1.49333,6.45914
65536,1024,1,0,1,32,1,2.6253,11.3041
65536,1024,1,0,1,32,2,2.62597,11.2997
65536,1024,1,0,2,32,2,1.49333,6.45799
65536,1024,1,0,4,32,2,0.996866,4.212
65536,1024,1,0,8,32,2,0.963726,4.38501
65536,1024,1,0,16,32,2,1.00089,4.1009
65536,1024,1,1,1,32,0,2.62592,224.533
65536,1024,1,1,2,32,0,1.49293,123.457
65536,1024,1,1,4,32,0,0.995894,79.9797
65536,1024,1,1,8,32,0,0.961975,81.6917
65536,1024,1,1,16,32,0,0.999214,79.2328
65536,1024,1,1,16,32,1,0.997947,79.2303
65536,1024,1,1,8,32,1,0.96265,81.6924
65536,1024,1,1,4,32,1,0.995821,79.9764
65536,1024,1,1,2,32,1,1.49291,123.512
65536,1024,1,1,1,32,1,2.62647,224.448
65536,1024,1,1,1,32,2,2.62641,224.345
65536,1024,1,1,2,32,2,1.49285,123.51
65536,1024,1,1,4,32,2,0.99607,79.9722
65536,1024,1,1,8,32,2,0.961583,81.6951
65536,1024,1,1,16,32,2,0.995278,79.2247
65536,1024,2,0,1,32,0,2.87665,11.4749
65536,1024,2,0,2,32,0,1.76205,6.53305
65536,1024,2,0,4,32,0,1.15194,4.27697
65536,1024,2,0,8,32,0,1.11809,4.43171
65536,1024,2,0,16,32,0,1.14188,4.16791
65536,1024,2,0,16,32,1,1.14324,4.17528
65536,1024,2,0,8,32,1,1.11817,4.43567
65536,1024,2,0,4,32,1,1.15234,4.27422
65536,1024,2,0,2,32,1,1.76207,6.53744
65536,1024,2,0,1,32,1,2.87624,11.4691
65536,1024,2,0,1,32,2,2.877,11.4683
65536,1024,2,0,2,32,2,1.76157,6.53644
65536,1024,2,0,4,32,2,1.15227,4.27514
65536,1024,2,0,8,32,2,1.11836,4.43719
65536,1024,2,0,16,32,2,1.14454,4.17319
65536,1024,2,1,1,32,0,2.8