count,dtype,vector,threads,blocks,trial,amax_with_clear_ms
1048576,0,1,256,256,0,0.0117979
1048576,0,4,128,128,0,0.0164853
1048576,0,8,128,128,0,0.0220508
1048576,0,4,128,256,0,0.0159092
1048576,0,8,128,256,0,0.0205807
1048576,0,4,128,512,0,0.018139
1048576,0,8,128,512,0,0.0247292
1048576,0,4,128,1024,0,0.0263217
1048576,0,8,128,1024,0,0.0312211
1048576,0,4,256,128,0,0.0152118
1048576,0,8,256,128,0,0.0197266
1048576,0,4,256,256,0,0.0142984
1048576,0,8,256,256,0,0.0209016
1048576,0,4,256,512,0,0.018148
1048576,0,8,256,512,0,0.0229648
1048576,0,4,256,1024,0,0.0230197
1048576,0,8,256,1024,0,0.0312138
1048576,0,4,512,128,0,0.0136649
1048576,0,8,512,128,0,0.0202374
1048576,0,4,512,256,0,0.014405
1048576,0,8,512,256,0,0.019345
1048576,0,4,512,512,0,0.0171418
1048576,0,8,512,512,0,0.0233203
1048576,0,4,512,1024,0,0.0246716
1048576,0,8,512,1024,0,0.0314848
1048576,0,1,256,256,1,0.011776
1048576,0,4,128,1024,1,0.026405
1048576,0,8,128,1024,1,0.0312563
1048576,0,4,128,512,1,0.0181667
1048576,0,8,128,512,1,0.0247469
1048576,0,4,128,256,1,0.0158957
1048576,0,8,128,256,1,0.0205671
1048576,0,4,128,128,1,0.0164744
1048576,0,8,128,128,1,0.022083
1048576,0,4,256,1024,1,0.0230076
1048576,0,8,256,1024,1,0.0312147
1048576,0,4,256,512,1,0.0182033
1048576,0,8,256,512,1,0.0229312
1048576,0,4,256,256,1,0.0143346
1048576,0,8,256,256,1,0.0209743
1048576,0,4,256,128,1,0.0152071
1048576,0,8,256,128,1,0.0197897
1048576,0,4,512,1024,1,0.024765
1048576,0,8,512,1024,1,0.0315151
1048576,0,4,512,512,1,0.0171627
1048576,0,8,512,512,1,0.0233617
1048576,0,4,512,256,1,0.0143896
1048576,0,8,512,256,1,0.019303
1048576,0,4,512,128,1,0.0136178
1048576,0,8,512,128,1,0.0202203
1048576,0,1,256,256,2,0.0117849
1048576,0,4,128,128,2,0.0164616
1048576,0,8,128,128,2,0.022105
1048576,0,4,128,256,2,0.0159246
1048576,0,8,128,256,2,0.0205523
1048576,0,4,128,512,2,0.018177
1048576,0,8,128,512,2,0.0247621
1048576,0,4,128,1024,2,0.0263133
1048576,0,8,128,1024,2,0.0312031
1048576,0,4,256,128,2,0.0152267
1048576,0,8,256,128,2,0.0197394
1048576,0,4,256,256,2,0.014313
1048576,0,8,256,256,2,0.0209487
1048576,0,4,256,512,2,0.0182304
1048576,0,8,256,512,2,0.022951
1048576,0,4,256,1024,2,0.0230587
1048576,0,8,256,1024,2,0.0311987
1048576,0,4,512,128,2,0.0136044
1048576,0,8,512,128,2,0.0202864
1048576,0,4,512,256,2,0.014406
1048576,0,8,512,256,2,0.0193714
1048576,0,4,512,512,2,0.0171256
1048576,0,8,512,512,2,0.0233267
1048576,0,4,512,1024,2,0.0246964
1048576,0,8,512,1024,2,0.0315047
1048576,1,1,256,256,0,0.0117946
1048576,1,4,128,128,0,0.0107474
1048576,1,8,128,128,0,0.0110453
1048576,1,4,128,256,0,0.00988844
1048576,1,8,128,256,0,0.0107257
1048576,1,4,128,512,0,0.0126689
1048576,1,8,128,512,0,0.0144322
1048576,1,4,128,1024,0,0.0202673
1048576,1,8,128,1024,0,0.0228093
1048576,1,4,256,128,0,0.008677
1048576,1,8,256,128,0,0.00974644
1048576,1,4,256,256,0,0.00891628
1048576,1,8,256,256,0,0.0107074
1048576,1,4,256,512,0,0.0124215
1048576,1,8,256,512,0,0.0146367
1048576,1,4,256,1024,0,0.0199956
1048576,1,8,256,1024,0,0.0227687
1048576,1,4,512,128,0,0.00795067
1048576,1,8,512,128,0,0.00960185
1048576,1,4,512,256,0,0.00871428
1048576,1,8,512,256,0,0.010823
1048576,1,4,512,512,0,0.0121427
1048576,1,8,512,512,0,0.0148588
1048576,1,4,512,1024,0,0.0203714
1048576,1,8,512,1024,0,0.023077
1048576,1,1,256,256,1,0.0118133
1048576,1,4,128,1024,1,0.0202864
1048576,1,8,128,1024,1,0.022773
1048576,1,4,128,512,1,0.0126749
1048576,1,8,128,512,1,0.0143976
1048576,1,4,128,256,1,0.009848
1048576,1,8,128,256,1,0.0107224
1048576,1,4,128,128,1,0.0107191
1048576,1,8,128,128,1,0.0110854
1048576,1,4,256,1024,1,0.0200303
1048576,1,8,256,1024,1,0.0228137
1048576,1,4,256,512,1,0.0123534
1048576,1,8,256,512,1,0.0146303
1048576,1,4,256,256,1,0.00889856
1048576,1,8,256,256,1,0.0106647
1048576,1,4,256,128,1,0.00870515
1048576,1,8,256,128,1,0.00973569
1048576,1,4,512,1024,1,0.0203514
1048576,1,8,512,1024,1,0.0229757
1048576,1,4,512,512,1,0.0121007
1048576,1,8,512,512,1,0.0148143
1048576,1,4,512,256,1,0.00876715
1048576,1,8,512,256,1,0.0108536
1048576,1,4,512,128,1,0.00791672
1048576,1,8,512,128,1,0.00962744
1048576,1,1,256,256,2,0.0118109
1048576,1,4,128,128,2,0.010752
1048576,1,8,128,128,2,0.0110636
1048576,1,4,128,256,2,0.00980487
1048576,1,8,128,256,2,0.010726
1048576,1,4,128,512,2,0.0127034
1048576,1,8,128,512,2,0.0144402
1048576,1,4,128,1024,2,0.0202464
1048576,1,8,128,1024,2,0.0227962
1048576,1,4,256,128,2,0.00868487
1048576,1,8,256,128,2,0.00975456
1048576,1,4,256,256,2,0.00895587
1048576,1,8,256,256,2,0.010612
1048576,1,4,256,512,2,0.0124463
1048576,1,8,256,512,2,0.014656
1048576,1,4,256,1024,2,0.0200078
1048576,1,8,256,1024,2,0.0227897
1048576,1,4,512,128,2,0.00794241
1048576,1,8,512,128,2,0.009618
1048576,1,4,512,256,2,0.008713
1048576,1,8,512,256,2,0.0108924
1048576,1,4,512,512,2,0.0121349
1048576,1,8,512,512,2,0.0148486
1048576,1,4,512,1024,2,0.0202696
1048576,1,8,512,1024,2,0.0230287
33554432,0,1,256,256,0,0.268546
33554432,0,4,128,128,0,0.436219
33554432,0,8,128,128,0,0.681407
33554432,0,4,128,256,0,0.380808
33554432,0,8,128,256,0,0.573515
33554432,0,4,128,512,0,0.343248
33554432,0,8,128,512,0,0.526752
33554432,0,4,128,1024,0,0.339058
33554432,0,8,128,1024,0,0.528811
33554432,0,4,256,128,0,0.380602
33554432,0,8,256,128,0,0.573333
33554432,0,4,256,256,0,0.342869
33554432,0,8,256,256,0,0.526657
33554432,0,4,256,512,0,0.33742
33554432,0,8,256,512,0,0.525522
33554432,0,4,256,1024,0,0.334082
33554432,0,8,256,1024,0,0.540544
33554432,0,4,512,128,0,0.342814
33554432,0,8,512,128,0,0.526223
33554432,0,4,512,256,0,0.336342
33554432,0,8,512,256,0,0.523498
33554432,0,4,512,512,0,0.332539
33554432,0,8,512,512,0,0.53562
33554432,0,4,512,1024,0,0.330183
33554432,0,8,512,1024,0,0.539737
33554432,0,1,256,256,1,0.268528
33554432,0,4,128,1024,1,0.338652
33554432,0,8,128,1024,1,0.52853
33554432,0,4,128,512,1,0.342937
33554432,0,8,128,512,1,0.526329
33554432,0,4,128,256,1,0.380373
33554432,0,8,128,256,1,0.573342
33554432,0,4,128,128,1,0.436586
33554432,0,8,128,128,1,0.681761
33554432,0,4,256,1024,1,0.333666
33554432,0,8,256,1024,1,0.541018
33554432,0,4,256,512,1,0.337346
33554432,0,8,256,512,1,0.525876
33554432,0,4,256,256,1,0.34327
33554432,0,8,256,256,1,0.526188
33554432,0,4,256,128,1,0.380573
33554432,0,8,256,128,1,0.573259
33554432,0,4,512,1024,1,0.33028
33554432,0,8,512,1024,1,0.539702
33554432,0,4,512,512,1,0.333177
33554432,0,8,512,512,1,0.536083
33554432,0,4,512,256,1,0.336133
33554432,0,8,512,256,1,0.523133
33554432,0,4,512,128,1,0.342762
33554432,0,8,512,128,1,0.526863
33554432,0,1,256,256,2,0.268377
33554432,0,4,128,128,2,0.436688
33554432,0,8,128,128,2,0.680908
33554432,0,4,128,256,2,0.380783
33554432,0,8,128,256,2,0.57277
33554432,0,4,128,512,2,0.343175
33554432,0,8,128,512,2,0.526168
33554432,0,4,128,1024,2,0.339333
33554432,0,8,128,1024,2,0.528485
33554432,0,4,256,128,2,0.380917
33554432,0,8,256,128,2,0.573308
33554432,0,4,256,256,2,0.342851
33554432,0,8,256,256,2,0.526814
33554432,0,4,256,512,2,0.338069
33554432,0,8,256,512,2,0.525526
33554432,0,4,256,1024,2,0.333996
33554432,0,8,256,1024,2,0.540508
33554432,0,4,512,128,2,0.343033
33554432,0,8,512,128,2,0.526338
33554432,0,4,512,256,2,0.336245
33554432,0,8,512,256,2,0.523358
33554432,0,4,512,512,2,0.333214
33554432,0,8,512,512,2,0.535153
33554432,0,4,512,1024,2,0.330233
33554432,0,8,512,1024,2,0.540034
33554432,1,1,256,256,0,0.243048
33554432,1,4,128,128,0,0.252146
33554432,1,8,128,128,0,0.197987
33554432,1,4,128,256,0,0.147166
33554432,1,8,128,256,0,0.19
33554432,1,4,128,512,0,0.122689
33554432,1,8,128,512,0,0.188783
33554432,1,4,128,1024,0,0.126872
33554432,1,8,128,1024,0,0.18888
33554432,1,4,256,128,0,0.146774
33554432,1,8,256,128,0,0.190246
33554432,1,4,256,256,0,0.121629
33554432,1,8,256,256,0,0.189051
33554432,1,4,256,512,0,0.125814
33554432,1,8,256,512,0,0.188713
33554432,1,4,256,1024,0,0.122968
33554432,1,8,256,1024,0,0.193895
33554432,1,4,512,128,0,0.122559
33554432,1,8,512,128,0,0.18878
33554432,1,4,512,256,0,0.126567
33554432,1,8,512,256,0,0.188296
33554432,1,4,512,512,0,0.124998
33554432,1,8,512,512,0,0.19605
33554432,1,4,512,1024,0,0.12152
33554432,1,8,512,1024,0,0.194557
33554432,1,1,256,256,1,0.243667
33554432,1,4,128,1024,1,0.127057
33554432,1,8,128,1024,1,0.188859
33554432,1,4,128,512,1,0.122806
33554432,1,8,128,512,1,0.188953
33554432,1,4,128,256,1,0.147007
33554432,1,8,128,256,1,0.190164
33554432,1,4,128,128,1,0.252752
33554432,1,8,128,128,1,0.198191
33554432,1,4,256,1024,1,0.123201
33554432,1,8,256,1024,1,0.19375
33554432,1,4,256,512,1,0.12545
33554432,1,8,256,512,1,0.188777
33554432,1,4,256,256,1,0.121525
33554432,1,8,256,256,1,0.188847
33554432,1,4,256,128,1,0.146778
33554432,1,8,256,128,1,0.189996
33554432,1,4,512,1024,1,0.12134
33554432,1,8,512,1024,1,0.193918
33554432,1,4,512,512,1,0.124949
33554432,1,8,512,512,1,0.196007
33554432,1,4,512,256,1,0.126686
33554432,1,8,512,256,1,0.188364
33554432,1,4,512,128,1,0.122838
33554432,1,8,512,128,1,0.188856
33554432,1,1,256,256,2,0.243441
33554432,1,4,128,128,2,0.252006
33554432,1,8,128,128,2,0.198536
33554432,1,4,128,256,2,0.147522
33554432,1,8,128,256,2,0.190159
33554432,1,4,128,512,2,0.12246
33554432,1,8,128,512,2,0.188984
33554432,1,4,128,1024,2,0.127311
33554432,1,8,128,1024,2,0.188922
33554432,1,4,256,128,2,0.146869
33554432,1,8,256,128,2,0.190442
33554432,1,4,256,256,2,0.121752
33554432,1,8,256,256,2,0.18895
33554432,1,4,256,512,2,0.125413
33554432,1,8,256,512,2,0.188619
33554432,1,4,256,1024,2,0.123048
33554432,1,8,256,1024,2,0.193859
33554432,1,4,512,128,2,0.122201
33554432,1,8,512,128,2,0.188582
33554432,1,4,512,256,2,0.126497
33554432,1,8,512,256,2,0.188304
33554432,1,4,512,512,2,0.124654
33554432,1,8,512,512,2,0.19637
33554432,1,4,512,1024,2,0.121164
33554432,1,8,512,1024,2,0.194559
