Device_id,Model ID,Task ID,Stream ID,Op Name,OP Type,OP State,Task Type,Task Start Time(us),Task Duration(us),Task Wait Time(us),Block Num,Mix Block Num,HF32 Eligible,Input Shapes,Input Data Types,Input Formats,Output Shapes,Output Data Types,Output Formats,Context ID,aicore_time(us),aic_total_cycles,aic_mac_time(us),aic_mac_ratio,aic_scalar_time(us),aic_scalar_ratio,aic_mte1_time(us),aic_mte1_ratio,aic_mte2_time(us),aic_mte2_ratio,aic_fixpipe_time(us),aic_fixpipe_ratio,aic_icache_miss_rate,aiv_time(us),aiv_total_cycles,aiv_vec_time(us),aiv_vec_ratio,aiv_scalar_time(us),aiv_scalar_ratio,aiv_mte2_time(us),aiv_mte2_ratio,aiv_mte3_time(us),aiv_mte3_ratio,aiv_icache_miss_rate,cube_utilization(%)
0,4294967295,0,46,ascend_amax,ascend_amax,static,AI_CORE,1789891400188186.150	,10.780,0,48,0,YES,N/A,N/A,N/A,N/A,N/A,N/A,N/A,0.0,0,0.0,0.0,0.0,0.0,0.0,0.0,0.0,0.0,0.0,0.0,0.0,7.53,650634,0.029,0.004,2.916,0.387,0.018,0.002,0.001,0.0,0.233,0.000
0,4294967295,1,46,ascend_max_finish,ascend_max_finish,static,AI_CORE,1789891400188206.910	,5.040,9.970000,1,0,YES,N/A,N/A,N/A,N/A,N/A,N/A,N/A,0.0,0,0.0,0.0,0.0,0.0,0.0,0.0,0.0,0.0,0.0,0.0,0.0,4.574,8234,0.008,0.002,4.528,0.99,0.001,0.0,0.001,0.0,0.0,0.000
0,4294967295,2,46,ascend_quant,ascend_quant,static,AI_CORE,1789891400188211.990	,6.720,0.000000,21,0,YES,N/A,N/A,N/A,N/A,N/A,N/A,N/A,0.0,0,0.0,0.0,0.0,0.0,0.0,0.0,0.0,0.0,0.0,0.0,0.0,3.094,116955,0.016,0.005,2.184,0.706,0.08,0.026,0.086,0.028,0.043,0.000
0,4294967295,3,46,ascend_amax,ascend_amax,static,AI_CORE,1789891400188218.750	,2.960,0.030000,48,0,YES,N/A,N/A,N/A,N/A,N/A,N/A,N/A,0.0,0,0.0,0.0,0.0,0.0,0.0,0.0,0.0,0.0,0.0,0.0,0.0,1.29,111430,0.028,0.022,1.232,0.955,0.009,0.007,0.001,0.001,0.005,0.000
0,4294967295,4,46,ascend_max_finish,ascend_max_finish,static,AI_CORE,1789891400188224.110	,4.780,2.290000,1,0,YES,N/A,N/A,N/A,N/A,N/A,N/A,N/A,0.0,0,0.0,0.0,0.0,0.0,0.0,0.0,0.0,0.0,0.0,0.0,0.0,4.243,7638,0.008,0.002,4.189,0.987,0.001,0.0,0.001,0.0,0.0,0.000
0,4294967295,5,46,ascend_quant,ascend_quant,static,AI_CORE,1789891400188228.910	,6.921,0.220000,21,0,YES,N/A,N/A,N/A,N/A,N/A,N/A,N/A,0.0,0,0.0,0.0,0.0,0.0,0.0,0.0,0.0,0.0,0.0,0.0,0.0,2.982,112721,0.016,0.005,2.353,0.789,0.092,0.031,0.096,0.032,0.04,0.000
0,4294967295,6,46,ascend_amax,ascend_amax,static,AI_CORE,1789891400188235.851	,3.100,0.000000,48,0,YES,N/A,N/A,N/A,N/A,N/A,N/A,N/A,0.0,0,0.0,0.0,0.0,0.0,0.0,0.0,0.0,0.0,0.0,0.0,0.0,1.352,116853,0.027,0.02,1.296,0.958,0.008,0.006,0.001,0.001,0.005,0.000
0,4294967295,7,46,ascend_max_finish,ascend_max_finish,static,AI_CORE,1789891400188238.971	,5.780,0.150000,1,0,YES,N/A,N/A,N/A,N/A,N/A,N/A,N/A,0.0,0,0.0,0.0,0.0,0.0,0.0,0.0,0.0,0.0,0.0,0.0,0.0,5.201,9362,0.008,0.001,5.139,0.988,0.001,0.0,0.001,0.0,0.0,0.000
0,4294967295,8,46,ascend_quant,ascend_quant,static,AI_CORE,1789891400188244.771	,6.060,0.000000,21,0,YES,N/A,N/A,N/A,N/A,N/A,N/A,N/A,0.0,0,0.0,0.0,0.0,0.0,0.0,0.0,0.0,0.0,0.0,0.0,0.0,2.365,89400,0.016,0.007,2.071,0.876,0.054,0.023,0.09,0.038,0.013,0.000
0,4294967295,10,46,ascend_amax,ascend_amax,static,AI_CORE,1789891400188369.853	,2.960,118.940000,48,0,YES,N/A,N/A,N/A,N/A,N/A,N/A,N/A,0.0,0,0.0,0.0,0.0,0.0,0.0,0.0,0.0,0.0,0.0,0.0,0.0,1.298,112135,0.028,0.021,1.239,0.955,0.01,0.008,0.001,0.001,0.005,0.000
0,4294967295,11,46,ascend_max_finish,ascend_max_finish,static,AI_CORE,1789891400188372.833	,5.320,0.040000,1,0,YES,N/A,N/A,N/A,N/A,N/A,N/A,N/A,0.0,0,0.0,0.0,0.0,0.0,0.0,0.0,0.0,0.0,0.0,0.0,0.0,4.758,8565,0.008,0.002,4.696,0.987,0.001,0.0,0.001,0.0,0.0,0.000
0,4294967295,12,46,ascend_quant,ascend_quant,static,AI_CORE,1789891400188388.414	,5.920,10.430000,21,0,YES,N/A,N/A,N/A,N/A,N/A,N/A,N/A,0.0,0,0.0,0.0,0.0,0.0,0.0,0.0,0.0,0.0,0.0,0.0,0.0,2.387,90227,0.016,0.007,2.104,0.881,0.061,0.026,0.103,0.043,0.009,0.000
0,4294967295,13,46,ascend_amax,ascend_amax,static,AI_CORE,1789891400188394.374	,2.860,0.000000,48,0,YES,N/A,N/A,N/A,N/A,N/A,N/A,N/A,0.0,0,0.0,0.0,0.0,0.0,0.0,0.0,0.0,0.0,0.0,0.0,0.0,1.292,111608,0.027,0.021,1.235,0.956,0.008,0.006,0.001,0.001,0.005,0.000
0,4294967295,14,46,ascend_max_finish,ascend_max_finish,static,AI_CORE,1789891400188397.254	,5.380,0.140000,1,0,YES,N/A,N/A,N/A,N/A,N/A,N/A,N/A,0.0,0,0.0,0.0,0.0,0.0,0.0,0.0,0.0,0.0,0.0,0.0,0.0,4.843,8717,0.008,0.002,4.788,0.989,0.001,0.0,0.001,0.0,0.0,0.000
0,4294967295,15,46,ascend_quant,ascend_quant,static,AI_CORE,1789891400188402.654	,6.280,0.120000,21,0,YES,N/A,N/A,N/A,N/A,N/A,N/A,N/A,0.0,0,0.0,0.0,0.0,0.0,0.0,0.0,0.0,0.0,0.0,0.0,0.0,2.499,94469,0.016,0.006,2.234,0.894,0.052,0.021,0.082,0.033,0.009,0.000
0,4294967295,17,46,ascend_dequant,ascend_dequant,static,AI_CORE,1789891400188540.257	,4.060,131.220000,7,0,YES,N/A,N/A,N/A,N/A,N/A,N/A,N/A,0.0,0,0.0,0.0,0.0,0.0,0.0,0.0,0.0,0.0,0.0,0.0,0.0,3.274,41257,0.022,0.007,2.367,0.723,0.001,0.0,0.439,0.134,0.016,0.000
0,4294967295,18,46,ascend_dequant,ascend_dequant,static,AI_CORE,1789891400188544.337	,3.940,0.000000,7,0,YES,N/A,N/A,N/A,N/A,N/A,N/A,N/A,0.0,0,0.0,0.0,0.0,0.0,0.0,0.0,0.0,0.0,0.0,0.0,0.0,2.935,36984,0.022,0.007,2.276,0.775,0.001,0.0,0.275,0.094,0.016,0.000
0,4294967295,19,46,ascend_dequant,ascend_dequant,static,AI_CORE,1789891400188548.297	,3.980,0.060000,7,0,YES,N/A,N/A,N/A,N/A,N/A,N/A,N/A,0.0,0,0.0,0.0,0.0,0.0,0.0,0.0,0.0,0.0,0.0,0.0,0.0,3.084,38859,0.022,0.007,2.385,0.773,0.001,0.0,0.293,0.095,0.017,0.000
0,4294967295,21,46,ascend_dequant,ascend_dequant,static,AI_CORE,1789891400188594.258	,3.880,42.020000,7,0,YES,N/A,N/A,N/A,N/A,N/A,N/A,N/A,0.0,0,0.0,0.0,0.0,0.0,0.0,0.0,0.0,0.0,0.0,0.0,0.0,3.003,37842,0.022,0.007,2.302,0.766,0.001,0.0,0.33,0.11,0.018,0.000
0,4294967295,22,46,ascend_dequant,ascend_dequant,static,AI_CORE,1789891400188598.178	,3.900,0.120000,7,0,YES,N/A,N/A,N/A,N/A,N/A,N/A,N/A,0.0,0,0.0,0.0,0.0,0.0,0.0,0.0,0.0,0.0,0.0,0.0,0.0,2.937,37000,0.022,0.007,2.291,0.78,0.001,0.0,0.253,0.086,0.018,0.000
0,4294967295,24,46,ascend_amax,ascend_amax,static,AI_CORE,1789891400188691.340	,2.940,89.100000,48,0,YES,N/A,N/A,N/A,N/A,N/A,N/A,N/A,0.0,0,0.0,0.0,0.0,0.0,0.0,0.0,0.0,0.0,0.0,0.0,0.0,1.226,105902,0.027,0.022,1.17,0.954,0.007,0.006,0.001,0.001,0.005,0.000
0,4294967295,25,46,ascend_max_finish,ascend_max_finish,static,AI_CORE,1789891400188694.300	,5.080,0.060000,1,0,YES,N/A,N/A,N/A,N/A,N/A,N/A,N/A,0.0,0,0.0,0.0,0.0,0.0,0.0,0.0,0.0,0.0,0.0,0.0,0.0,4.553,8195,0.008,0.002,4.501,0.989,0.001,0.0,0.001,0.0,0.0,0.000
0,4294967295,26,46,ascend_quant,ascend_quant,static,AI_CORE,1789891400188699.400	,6.020,0.170000,21,0,YES,N/A,N/A,N/A,N/A,N/A,N/A,N/A,0.0,0,0.0,0.0,0.0,0.0,0.0,0.0,0.0,0.0,0.0,0.0,0.0,2.259,85393,0.016,0.007,2.061,0.912,0.045,0.02,0.082,0.036,0.002,0.000
0,4294967295,27,46,ascend_dequant,ascend_dequant,static,AI_CORE,1789891400188707.480	,3.500,1.980000,7,0,YES,N/A,N/A,N/A,N/A,N/A,N/A,N/A,0.0,0,0.0,0.0,0.0,0.0,0.0,0.0,0.0,0.0,0.0,0.0,0.0,2.399,30231,0.022,0.009,2.101,0.876,0.001,0.0,0.239,0.1,0.0,0.000
0,4294967295,28,46,ascend_amax,ascend_amax,static,AI_CORE,1789891400188768.901	,3.260,58.000000,48,0,YES,N/A,N/A,N/A,N/A,N/A,N/A,N/A,0.0,0,0.0,0.0,0.0,0.0,0.0,0.0,0.0,0.0,0.0,0.0,0.0,1.309,113069,0.026,0.02,1.253,0.958,0.007,0.005,0.001,0.001,0.006,0.000
0,4294967295,29,46,ascend_max_finish,ascend_max_finish,static,AI_CORE,1789891400188772.181	,5.300,0.000000,1,0,YES,N/A,N/A,N/A,N/A,N/A,N/A,N/A,0.0,0,0.0,0.0,0.0,0.0,0.0,0.0,0.0,0.0,0.0,0.0,0.0,4.716,8488,0.008,0.002,4.65,0.986,0.001,0.0,0.001,0.0,0.0,0.000
0,4294967295,30,46,ascend_quant,ascend_quant,static,AI_CORE,1789891400188777.501	,6.280,0.000000,21,0,YES,N/A,N/A,N/A,N/A,N/A,N/A,N/A,0.0,0,0.0,0.0,0.0,0.0,0.0,0.0,0.0,0.0,0.0,0.0,0.0,2.5,94517,0.016,0.006,2.126,0.85,0.081,0.033,0.094,0.038,0.013,0.000
0,4294967295,31,46,ascend_dequant,ascend_dequant,static,AI_CORE,1789891400188783.801	,3.821,0.000000,7,0,YES,N/A,N/A,N/A,N/A,N/A,N/A,N/A,0.0,0,0.0,0.0,0.0,0.0,0.0,0.0,0.0,0.0,0.0,0.0,0.0,2.926,36862,0.022,0.007,2.378,0.813,0.001,0.0,0.263,0.09,0.016,0.000
0,4294967295,32,46,ascend_amax,ascend_amax,static,AI_CORE,1789891400188847.183	,3.020,59.679000,48,0,YES,N/A,N/A,N/A,N/A,N/A,N/A,N/A,0.0,0,0.0,0.0,0.0,0.0,0.0,0.0,0.0,0.0,0.0,0.0,0.0,1.3,112312,0.027,0.021,1.231,0.947,0.02,0.015,0.001,0.001,0.006,0.000
0,4294967295,33,46,ascend_max_finish,ascend_max_finish,static,AI_CORE,1789891400188850.223	,4.980,0.000000,1,0,YES,N/A,N/A,N/A,N/A,N/A,N/A,N/A,0.0,0,0.0,0.0,0.0,0.0,0.0,0.0,0.0,0.0,0.0,0.0,0.0,4.467,8041,0.008,0.002,4.414,0.988,0.001,0.0,0.001,0.0,0.0,0.000
0,4294967295,34,46,ascend_quant,ascend_quant,static,AI_CORE,1789891400188855.243	,6.300,0.020000,21,0,YES,N/A,N/A,N/A,N/A,N/A,N/A,N/A,0.0,0,0.0,0.0,0.0,0.0,0.0,0.0,0.0,0.0,0.0,0.0,0.0,2.429,91807,0.016,0.006,2.095,0.863,0.063,0.026,0.092,0.038,0.013,0.000
0,4294967295,35,46,ascend_dequant,ascend_dequant,static,AI_CORE,1789891400188861.583	,3.220,0.000000,7,0,YES,N/A,N/A,N/A,N/A,N/A,N/A,N/A,0.0,0,0.0,0.0,0.0,0.0,0.0,0.0,0.0,0.0,0.0,0.0,0.0,2.502,31522,0.022,0.009,2.231,0.892,0.001,0.0,0.222,0.089,0.0,0.000
0,4294967295,37,46,ascend_amax,ascend_amax,static,AI_CORE,1789891400188975.805	,2.920,111.030000,48,0,YES,N/A,N/A,N/A,N/A,N/A,N/A,N/A,0.0,0,0.0,0.0,0.0,0.0,0.0,0.0,0.0,0.0,0.0,0.0,0.0,1.281,110711,0.026,0.021,1.226,0.957,0.009,0.007,0.001,0.001,0.0,0.000
0,4294967295,38,46,ascend_max_finish,ascend_max_finish,static,AI_CORE,1789891400188978.765	,5.380,0.080000,1,0,YES,N/A,N/A,N/A,N/A,N/A,N/A,N/A,0.0,0,0.0,0.0,0.0,0.0,0.0,0.0,0.0,0.0,0.0,0.0,0.0,4.847,8725,0.008,0.002,4.797,0.99,0.001,0.0,0.001,0.0,0.0,0.000
0,4294967295,39,46,ascend_quant,ascend_quant,static,AI_CORE,1789891400188984.165	,5.581,0.120000,21,0,YES,N/A,N/A,N/A,N/A,N/A,N/A,N/A,0.0,0,0.0,0.0,0.0,0.0,0.0,0.0,0.0,0.0,0.0,0.0,0.0,2.283,86283,0.016,0.007,2.107,0.923,0.043,0.019,0.079,0.035,0.0,0.000
0,4294967295,40,46,ascend_dequant,ascend_dequant,static,AI_CORE,1789891400188989.766	,3.160,0.000000,7,0,YES,N/A,N/A,N/A,N/A,N/A,N/A,N/A,0.0,0,0.0,0.0,0.0,0.0,0.0,0.0,0.0,0.0,0.0,0.0,0.0,2.356,29686,0.022,0.009,2.117,0.899,0.001,0.0,0.185,0.078,0.0,0.000
0,4294967295,41,46,ascend_amax,ascend_amax,static,AI_CORE,1789891400189047.547	,3.160,54.590000,48,0,YES,N/A,N/A,N/A,N/A,N/A,N/A,N/A,0.0,0,0.0,0.0,0.0,0.0,0.0,0.0,0.0,0.0,0.0,0.0,0.0,1.271,109817,0.027,0.021,1.215,0.956,0.007,0.006,0.001,0.001,0.006,0.000
0,4294967295,42,46,ascend_max_finish,ascend_max_finish,static,AI_CORE,1789891400189050.727	,4.900,0.090000,1,0,YES,N/A,N/A,N/A,N/A,N/A,N/A,N/A,0.0,0,0.0,0.0,0.0,0.0,0.0,0.0,0.0,0.0,0.0,0.0,0.0,4.369,7864,0.008,0.002,4.316,0.988,0.001,0.0,0.001,0.0,0.0,0.000
0,4294967295,43,46,ascend_quant,ascend_quant,static,AI_CORE,1789891400189055.647	,5.700,0.100000,21,0,YES,N/A,N/A,N/A,N/A,N/A,N/A,N/A,0.0,0,0.0,0.0,0.0,0.0,0.0,0.0,0.0,0.0,0.0,0.0,0.0,2.308,87228,0.016,0.007,2.113,0.916,0.049,0.021,0.091,0.039,0.0,0.000
0,4294967295,44,46,ascend_dequant,ascend_dequant,static,AI_CORE,1789891400189061.367	,3.260,0.000000,7,0,YES,N/A,N/A,N/A,N/A,N/A,N/A,N/A,0.0,0,0.0,0.0,0.0,0.0,0.0,0.0,0.0,0.0,0.0,0.0,0.0,2.343,29518,0.022,0.009,2.093,0.894,0.001,0.0,0.194,0.083,0.002,0.000
