Device_id,kernel_name,kernel_type,stream_id,task_id,task_time(us),task_start(us),task_stop(us)
0,N/A,PROFILING_ENABLE,49,3,0.000,1789889655622039.640	,1789889655622039.640	
0,ascend_had,AI_CORE,46,0,115.882,1789889655631458.748	,1789889655631574.631	
0,ascend_had,AI_CORE,46,1,112.382,1789889655631574.651	,1789889655631687.033	
0,ascend_had,AI_CORE,46,2,110.142,1789889655631687.053	,1789889655631797.195	
0,N/A,EVENT_RECORD,46,3,0.000,1789889655631915.597	,1789889655631915.597	
0,ascend_had,AI_CORE,46,4,109.782,1789889655631917.377	,1789889655632027.160	
0,ascend_had,AI_CORE,46,5,110.382,1789889655632027.180	,1789889655632137.562	
0,N/A,EVENT_RECORD,46,6,0.000,1789889655632137.602	,1789889655632137.602	
0,ascend_had,AI_CORE,46,7,109.602,1789889655632293.745	,1789889655632403.347	
0,ascend_amax,AI_CORE,46,8,9.260,1789889655632403.387	,1789889655632412.647	
0,ascend_max_finish,AI_CORE,46,9,5.780,1789889655632412.667	,1789889655632418.447	
0,ascend_quant,AI_CORE,46,10,84.381,1789889655632418.467	,1789889655632502.849	
0,ascend_had,AI_CORE,46,11,110.242,1789889655632502.869	,1789889655632613.111	
0,ascend_amax,AI_CORE,46,12,4.220,1789889655632613.131	,1789889655632617.351	
0,ascend_max_finish,AI_CORE,46,13,5.320,1789889655632617.391	,1789889655632622.712	
0,ascend_quant,AI_CORE,46,14,81.061,1789889655632622.732	,1789889655632703.793	
0,ascend_had,AI_CORE,46,15,109.762,1789889655632703.813	,1789889655632813.575	
0,ascend_amax,AI_CORE,46,16,3.660,1789889655632813.595	,1789889655632817.255	
0,ascend_max_finish,AI_CORE,46,17,5.180,1789889655632817.275	,1789889655632822.456	
0,ascend_quant,AI_CORE,46,18,79.541,1789889655632822.476	,1789889655632902.017	
0,N/A,EVENT_RECORD,46,19,0.020,1789889655632948.018	,1789889655632948.038	
0,ascend_had,AI_CORE,46,20,109.722,1789889655632950.118	,1789889655633059.840	
0,ascend_amax,AI_CORE,46,21,3.920,1789889655633059.880	,1789889655633063.800	
0,ascend_max_finish,AI_CORE,46,22,5.420,1789889655633063.840	,1789889655633069.260	
0,ascend_quant,AI_CORE,46,23,79.501,1789889655633069.300	,1789889655633148.802	
0,ascend_had,AI_CORE,46,24,109.982,1789889655633148.822	,1789889655633258.804	
0,ascend_amax,AI_CORE,46,25,3.980,1789889655633258.844	,1789889655633262.824	
0,ascend_max_finish,AI_CORE,46,26,5.620,1789889655633262.844	,1789889655633268.464	
0,ascend_quant,AI_CORE,46,27,80.061,1789889655633268.484	,1789889655633348.546	
0,N/A,EVENT_RECORD,46,28,0.020,1789889655633348.566	,1789889655633348.586	
0,ascend_had,AI_CORE,46,29,112.102,1789889655633425.928	,1789889655633538.030	
0,ascend_max_finish,AI_CORE,46,30,4.420,1789889655633538.070	,1789889655633542.490	
0,ascend_had,AI_CORE,46,31,167.503,1789889655633542.510	,1789889655633710.013	
0,ascend_had,AI_CORE,46,32,109.782,1789889655633710.033	,1789889655633819.815	
0,ascend_max_finish,AI_CORE,46,33,4.380,1789889655633819.835	,1789889655633824.216	
0,ascend_had,AI_CORE,46,34,163.883,1789889655633824.236	,1789889655633988.119	
0,ascend_had,AI_CORE,46,35,109.642,1789889655633988.139	,1789889655634097.781	
0,ascend_max_finish,AI_CORE,46,36,3.880,1789889655634097.821	,1789889655634101.701	
0,ascend_had,AI_CORE,46,37,162.383,1789889655634101.721	,1789889655634264.104	
0,N/A,EVENT_RECORD,46,38,0.020,1789889655634303.905	,1789889655634303.925	
0,ascend_had,AI_CORE,46,39,109.242,1789889655634306.505	,1789889655634415.747	
0,ascend_max_finish,AI_CORE,46,40,4.260,1789889655634415.767	,1789889655634420.027	
0,ascend_had,AI_CORE,46,41,162.743,1789889655634420.047	,1789889655634582.791	
0,ascend_had,AI_CORE,46,42,109.322,1789889655634582.811	,1789889655634692.133	
0,ascend_max_finish,AI_CORE,46,43,3.820,1789889655634692.153	,1789889655634695.973	
0,ascend_had,AI_CORE,46,44,162.683,1789889655634695.993	,1789889655634858.676	
0,N/A,EVENT_RECORD,46,45,0.000,1789889655634858.716	,1789889655634858.716	
0,ascend_had,AI_CORE,46,46,110.942,1789889655635919.637	,1789889655636030.580	
0,ascend_had,AI_CORE,46,47,110.022,1789889655636123.401	,1789889655636233.424	
0,ascend_had,AI_CORE,46,48,110.022,1789889655636313.565	,1789889655636423.587	
0,N/A,EVENT_RECORD,46,49,0.020,1789889655636484.389	,1789889655636484.409	
0,ascend_had,AI_CORE,46,50,109.982,1789889655636564.110	,1789889655636674.092	
0,ascend_had,AI_CORE,46,51,109.962,1789889655636754.754	,1789889655636864.716	
0,N/A,EVENT_RECORD,46,52,0.020,1789889655636924.097	,1789889655636924.117	
0,ascend_prepare,AI_CORE,46,53,33.320,1789889655637030.940	,1789889655637064.260	
0,ascend_cube,AI_CORE,46,54,19.000,1789889655637401.667	,1789889655637420.667	
0,ascend_had,AI_CORE,46,55,47.281,1789889655637420.687	,1789889655637467.968	
0,ascend_prepare,AI_CORE,46,56,31.920,1789889655637467.988	,1789889655637499.909	
0,ascend_cube,AI_CORE,46,57,17.700,1789889655637499.929	,1789889655637517.629	
0,ascend_had,AI_CORE,46,58,47.821,1789889655637517.649	,1789889655637565.470	
0,ascend_prepare,AI_CORE,46,59,32.360,1789889655637565.490	,1789889655637597.851	
0,ascend_cube,AI_CORE,46,60,17.720,1789889655637597.871	,1789889655637615.591	
0,ascend_had,AI_CORE,46,61,47.281,1789889655637615.631	,1789889655637662.912	
0,N/A,EVENT_RECORD,46,62,0.020,1789889655637703.213	,1789889655637703.233	
0,ascend_prepare,AI_CORE,46,63,31.880,1789889655637704.973	,1789889655637736.854	
0,ascend_cube,AI_CORE,46,64,17.660,1789889655637736.874	,1789889655637754.534	
0,ascend_had,AI_CORE,46,65,47.541,1789889655637754.554	,1789889655637802.095	
0,ascend_prepare,AI_CORE,46,66,31.800,1789889655637802.115	,1789889655637833.916	
0,ascend_cube,AI_CORE,46,67,17.700,1789889655637833.936	,1789889655637851.636	
0,ascend_had,AI_CORE,46,68,47.521,1789889655637851.656	,1789889655637899.177	
0,N/A,EVENT_RECORD,46,69,0.020,1789889655637899.197	,1789889655637899.217	
0,ascend_prepare,AI_CORE,46,70,31.740,1789889655638212.763	,1789889655638244.504	
0,ascend_cube,AI_CORE,46,71,17.620,1789889655638244.524	,1789889655638262.144	
0,ascend_had,AI_CORE,46,72,47.781,1789889655638262.164	,1789889655638309.945	
0,ascend_amax,AI_CORE,46,73,7.380,1789889655638309.965	,1789889655638317.345	
0,ascend_max_finish,AI_CORE,46,74,5.180,1789889655638317.365	,1789889655638322.545	
0,ascend_quant,AI_CORE,46,75,81.581,1789889655638322.565	,1789889655638404.147	
0,ascend_prepare,AI_CORE,46,76,31.760,1789889655638404.167	,1789889655638435.928	
0,ascend_cube,AI_CORE,46,77,17.720,1789889655638435.968	,1789889655638453.688	
0,ascend_had,AI_CORE,46,78,47.220,1789889655638453.708	,1789889655638500.929	
0,ascend_amax,AI_CORE,46,79,3.560,1789889655638500.949	,1789889655638504.509	
0,ascend_max_finish,AI_CORE,46,80,5.460,1789889655638504.529	,1789889655638509.989	
0,ascend_quant,AI_CORE,46,81,80.021,1789889655638510.009	,1789889655638590.031	
0,ascend_prepare,AI_CORE,46,82,32.380,1789889655638590.071	,1789889655638622.451	
0,ascend_cube,AI_CORE,46,83,17.720,1789889655638622.471	,1789889655638640.192	
0,ascend_had,AI_CORE,46,84,47.621,1789889655638640.212	,1789889655638687.833	
0,ascend_amax,AI_CORE,46,85,3.800,1789889655638687.873	,1789889655638691.673	
0,ascend_max_finish,AI_CORE,46,86,5.700,1789889655638691.693	,1789889655638697.393	
0,ascend_quant,AI_CORE,46,87,79.821,1789889655638697.413	,1789889655638777.234	
0,N/A,EVENT_RECORD,46,88,0.020,1789889655638811.315	,1789889655638811.335	
0,ascend_prepare,AI_CORE,46,89,31.640,1789889655638813.015	,1789889655638844.656	
0,ascend_cube,AI_CORE,46,90,17.660,1789889655638844.676	,1789889655638862.336	
0,ascend_had,AI_CORE,46,91,47.521,1789889655638862.356	,1789889655638909.877	
0,ascend_amax,AI_CORE,46,92,3.660,1789889655638909.917	,1789889655638913.577	
0,ascend_max_finish,AI_CORE,46,93,5.720,1789889655638913.617	,1789889655638919.337	
0,ascend_quant,AI_CORE,46,94,79.961,1789889655638919.357	,1789889655638999.319	
0,ascend_prepare,AI_CORE,46,95,32.000,1789889655638999.339	,1789889655639031.340	
0,ascend_cube,AI_CORE,46,96,17.620,1789889655639031.360	,1789889655639048.980	
0,ascend_had,AI_CORE,46,97,47.221,1789889655639049.000	,1789889655639096.221	
0,ascend_amax,AI_CORE,46,98,3.500,1789889655639096.241	,1789889655639099.741	
0,ascend_max_finish,AI_CORE,46,99,5.420,1789889655639099.761	,1789889655639105.181	
0,ascend_quant,AI_CORE,46,100,79.521,1789889655639105.201	,1789889655639184.723	
0,N/A,EVENT_RECORD,46,101,0.020,1789889655639184.743	,1789889655639184.763	
0,ascend_prepare,AI_CORE,46,102,31.220,1789889655639240.084	,1789889655639271.304	
0,ascend_cube,AI_CORE,46,103,17.620,1789889655639271.324	,1789889655639288.945	
0,ascend_had,AI_CORE,46,104,49.121,1789889655639288.985	,1789889655639338.106	
0,ascend_max_finish,AI_CORE,46,105,4.380,1789889655639338.146	,1789889655639342.526	
0,ascend_had,AI_CORE,46,106,100.082,1789889655639342.546	,1789889655639442.628	
0,ascend_prepare,AI_CORE,46,107,31.560,1789889655639442.648	,1789889655639474.208	
0,ascend_cube,AI_CORE,46,108,17.580,1789889655639474.228	,1789889655639491.809	
0,ascend_had,AI_CORE,46,109,47.401,1789889655639491.849	,1789889655639539.250	
0,ascend_max_finish,AI_CORE,46,110,3.900,1789889655639539.270	,1789889655639543.170	
0,ascend_had,AI_CORE,46,111,98.102,1789889655639543.190	,1789889655639641.292	
0,ascend_prepare,AI_CORE,46,112,31.120,1789889655639641.312	,1789889655639672.432	
0,ascend_cube,AI_CORE,46,113,17.480,1789889655639672.452	,1789889655639689.933	
0,ascend_had,AI_CORE,46,114,47.061,1789889655639689.953	,1789889655639737.014	
0,ascend_max_finish,AI_CORE,46,115,4.260,1789889655639737.034	,1789889655639741.294	
0,ascend_had,AI_CORE,46,116,98.162,1789889655639741.314	,1789889655639839.476	
0,N/A,EVENT_RECORD,46,117,0.020,1789889655639866.796	,1789889655639866.816	
0,ascend_prepare,AI_CORE,46,118,31.200,1789889655639868.256	,1789889655639899.457	
0,ascend_cube,AI_CORE,46,119,17.780,1789889655639899.477	,1789889655639917.257	
0,ascend_had,AI_CORE,46,120,47.081,1789889655639917.277	,1789889655639964.358	
0,ascend_max_finish,AI_CORE,46,121,3.800,1789889655639964.378	,1789889655639968.178	
0,ascend_had,AI_CORE,46,122,98.022,1789889655639968.198	,1789889655640066.220	
0,ascend_prepare,AI_CORE,46,123,31.140,1789889655640066.240	,1789889655640097.381	
0,ascend_cube,AI_CORE,46,124,17.700,1789889655640097.401	,1789889655640115.101	
0,ascend_had,AI_CORE,46,125,47.321,1789889655640115.121	,1789889655640162.442	
0,ascend_max_finish,AI_CORE,46,126,4.200,1789889655640162.462	,1789889655640166.662	
0,ascend_had,AI_CORE,46,127,97.522,1789889655640166.682	,1789889655640264.204	
0,N/A,EVENT_RECORD,46,128,0.020,1789889655640264.224	,1789889655640264.244	
0,ascend_prepare,AI_CORE,46,129,31.080,1789889655640472.128	,1789889655640503.209	
0,ascend_cube,AI_CORE,46,130,17.680,1789889655640503.229	,1789889655640520.909	
0,ascend_had,AI_CORE,46,131,55.701,1789889655640520.949	,1789889655640576.650	
0,ascend_max_finish,AI_CORE,46,132,4.100,1789889655640576.670	,1789889655640580.771	
0,ascend_quant,AI_CORE,46,133,79.801,1789889655640580.791	,1789889655640660.592	
0,ascend_prepare,AI_CORE,46,134,31.820,1789889655640660.632	,1789889655640692.453	
0,ascend_cube,AI_CORE,46,135,17.740,1789889655640692.493	,1789889655640710.233	
0,ascend_had,AI_CORE,46,136,53.101,1789889655640710.253	,1789889655640763.354	
0,ascend_max_finish,AI_CORE,46,137,4.100,1789889655640763.374	,1789889655640767.474	
0,ascend_quant,AI_CORE,46,138,78.601,1789889655640767.514	,1789889655640846.116	
0,ascend_prepare,AI_CORE,46,139,31.080,1789889655640846.136	,1789889655640877.216	
0,ascend_cube,AI_CORE,46,140,17.480,1789889655640877.236	,1789889655640894.717	
0,ascend_had,AI_CORE,46,141,52.121,1789889655640894.737	,1789889655640946.858	
0,ascend_max_finish,AI_CORE,46,142,3.880,1789889655640946.878	,1789889655640950.758	
0,ascend_quant,AI_CORE,46,143,78.841,1789889655640950.778	,1789889655641029.619	
0,N/A,EVENT_RECORD,46,144,0.020,1789889655641065.340	,1789889655641065.360	
0,ascend_prepare,AI_CORE,46,145,31.020,1789889655641066.500	,1789889655641097.521	
0,ascend_cube,AI_CORE,46,146,17.600,1789889655641097.561	,1789889655641115.161	
0,ascend_had,AI_CORE,46,147,52.081,1789889655641115.201	,1789889655641167.282	
0,ascend_max_finish,AI_CORE,46,148,4.260,1789889655641167.302	,1789889655641171.562	
0,ascend_quant,AI_CORE,46,149,78.541,1789889655641171.582	,1789889655641250.124	
0,ascend_prepare,AI_CORE,46,150,31.780,1789889655641250.164	,1789889655641281.945	
0,ascend_cube,AI_CORE,46,151,17.720,1789889655641281.965	,1789889655641299.685	
0,ascend_had,AI_CORE,46,152,52.461,1789889655641299.725	,1789889655641352.186	
0,ascend_max_finish,AI_CORE,46,153,4.220,1789889655641352.206	,1789889655641356.426	
0,ascend_quant,AI_CORE,46,154,78.421,1789889655641356.446	,1789889655641434.868	
0,N/A,EVENT_RECORD,46,155,0.020,1789889655641434.888	,1789889655641434.908	
0,N/A,PROFILING_DISABLE,49,4,0.000,1789889655642882.136	,1789889655642882.136	
0,N/A,PLACE_HOLDER_SQE,49,5,0.020,1789889655642940.698	,1789889655642940.718	
